ds,y,heat_stress,"SARIMA (0,1,0,0,1,1,96) exog"
2026-04-15 00:00:00,14694.9,0.0,14298.350956601165
2026-04-15 00:15:00,14799.1,0.0,14324.040018828582
2026-04-15 00:30:00,14794.9,0.0,14568.931916940526
2026-04-15 00:45:00,14702.3,0.0,14634.400240770385
2026-04-15 01:00:00,15039.3,0.0,14664.440009415885
2026-04-15 01:15:00,14866.0,0.0,14629.014778064218
2026-04-15 01:30:00,14769.6,0.0,14532.478524191358
2026-04-15 01:45:00,14707.0,0.0,14453.154608428233
2026-04-15 02:00:00,14356.3,0.0,14441.826289118004
2026-04-15 02:15:00,14559.6,0.0,14730.929830734194
2026-04-15 02:30:00,14508.8,0.0,14683.056548874949
2026-04-15 02:45:00,14852.6,0.0,14779.974566554738
2026-04-15 03:00:00,14898.5,0.0,14658.180657815998
2026-04-15 03:15:00,14877.2,0.0,14532.283246063353
2026-04-15 03:30:00,15240.8,0.0,14690.86992074938
2026-04-15 03:45:00,15412.1,0.0,14747.41817669599
2026-04-15 04:00:00,15229.3,0.0,14375.986824132433
2026-04-15 04:15:00,15222.4,0.0,14343.19079690526
2026-04-15 04:30:00,14799.4,0.0,14376.490409393893
2026-04-15 04:45:00,15193.1,0.0,14286.754864161316
2026-04-15 05:00:00,15850.1,0.0,14382.292551666293
2026-04-15 05:15:00,16100.6,0.0,14919.990141062406
2026-04-15 05:30:00,14023.9,0.0,13474.857972059848
2026-04-15 05:45:00,13966.4,0.0,13234.969376617846
2026-04-15 06:00:00,14825.1,0.0,14145.586128487786
2026-04-15 06:15:00,15870.4,0.0,15137.620727233643
2026-04-15 06:30:00,16517.2,0.0,16107.7340789598
2026-04-15 06:45:00,15727.6,0.0,15702.063286455834
2026-04-15 07:00:00,14582.9,0.0,14478.331517583863
2026-04-15 07:15:00,13688.9,0.0,13192.405879746317
2026-04-15 07:30:00,12534.2,0.0,12085.181186542573
2026-04-15 07:45:00,11889.1,0.0,10986.02586382932
2026-04-15 08:00:00,12062.5,0.0,10626.171196032405
2026-04-15 08:15:00,11343.3,0.0,9879.31812587006
2026-04-15 08:30:00,11382.5,0.0,9446.562994044438
2026-04-15 08:45:00,11518.0,0.0,9441.838057252147
2026-04-15 09:00:00,11509.8,0.0,9529.696473345255
2026-04-15 09:15:00,11826.1,0.0,9677.837824607483
2026-04-15 09:30:00,11759.9,0.0,9515.955735734518
2026-04-15 09:45:00,11648.7,0.0,9558.140638855986
2026-04-15 10:00:00,10736.1,0.0,8306.368798437987
2026-04-15 10:15:00,10753.8,0.0,8571.811743691798
2026-04-15 10:30:00,10698.6,0.0,8814.450815311693
2026-04-15 10:45:00,11117.0,0.0,9010.069083135268
2026-04-15 11:00:00,11457.3,0.0,9225.731135790877
2026-04-15 11:15:00,11705.4,0.0,9214.488523420594
2026-04-15 11:30:00,11697.5,0.0,9222.576889946366
2026-04-15 11:45:00,11801.5,0.0,9276.90791969498
2026-04-15 12:00:00,11846.5,0.0,9366.258268760537
2026-04-15 12:15:00,11889.8,0.0,9406.285446910222
2026-04-15 12:30:00,11814.2,0.0,9320.615094418094
2026-04-15 12:45:00,11644.0,0.0,9219.385426237812
2026-04-15 13:00:00,11099.5,0.0,8850.054610645466
2026-04-15 13:15:00,11169.6,0.0,8905.80630400551
2026-04-15 13:30:00,11542.6,0.0,9090.2632951426
2026-04-15 13:45:00,11827.8,0.0,9414.923275016838
2026-04-15 14:00:00,12368.2,0.0,9751.144823972852
2026-04-15 14:15:00,12657.7,0.0,9879.884687795357
2026-04-15 14:30:00,13291.2,0.0,10148.307961057417
2026-04-15 14:45:00,13771.3,0.0,10329.162321535248
2026-04-15 15:00:00,13940.4,0.0,10157.503227101251
2026-04-15 15:15:00,14054.0,0.0,10498.78582258556
2026-04-15 15:30:00,14508.6,0.0,10805.807915834772
2026-04-15 15:45:00,14584.6,0.0,11102.3089943601
2026-04-15 16:00:00,14544.2,0.0,12081.10494577071
2026-04-15 16:15:00,14019.4,0.0,11669.80006281625
2026-04-15 16:30:00,14001.5,0.0,11243.951422048223
2026-04-15 16:45:00,14275.8,0.0,11296.615959029361
2026-04-15 17:00:00,13090.5,0.0,11054.907651878879
2026-04-15 17:15:00,12788.8,0.0,11197.622570155365
2026-04-15 17:30:00,12640.7,0.0,11712.230376236592
2026-04-15 17:45:00,12869.0,0.0,12592.826791824362
2026-04-15 18:00:00,12435.1,0.0,13700.19388610976
2026-04-15 18:15:00,13391.0,0.0,14321.302031407633
2026-04-15 18:30:00,15567.9,0.0,15224.742534959347
2026-04-15 18:45:00,16880.3,0.0,15752.620632278526
2026-04-15 19:00:00,17762.2,0.0,16372.969542263896
2026-04-15 19:15:00,18055.6,0.0,16523.39975854728
2026-04-15 19:30:00,17697.7,0.0,16274.292083150258
2026-04-15 19:45:00,17624.2,0.0,15855.116001193706
2026-04-15 20:00:00,17157.4,0.0,16040.405687932178
2026-04-15 20:15:00,17207.3,0.0,15864.641106112927
2026-04-15 20:30:00,17115.1,0.0,15688.244309349533
2026-04-15 20:45:00,17286.3,0.0,15803.894465930161
2026-04-15 21:00:00,16946.2,0.0,14921.72354374611
2026-04-15 21:15:00,16785.5,0.0,14902.7910510451
2026-04-15 21:30:00,16937.5,0.0,14464.356826500503
2026-04-15 21:45:00,17279.5,0.0,14472.804593540104
2026-04-15 22:00:00,17977.9,0.0,14355.273569188592
2026-04-15 22:15:00,17641.7,0.0,14101.044876129352
2026-04-15 22:30:00,19369.4,0.0,14523.264229111546
2026-04-15 22:45:00,18766.0,0.0,14788.139064128109
2026-04-15 23:00:00,17328.5,0.0,14501.933161203833
2026-04-15 23:15:00,17320.1,0.0,14429.37679741725
2026-04-15 23:30:00,17165.7,0.0,14306.85724556431
2026-04-15 23:45:00,17341.7,0.0,14303.057704663874
2026-04-16 00:00:00,16466.8,0.0,13738.508661265041
2026-04-16 00:15:00,16522.0,0.0,13764.197723492458
2026-04-16 00:30:00,16360.2,0.0,14009.089621604402
2026-04-16 00:45:00,16375.8,0.0,14074.55794543426
2026-04-16 01:00:00,15934.9,0.0,14104.59771407976
2026-04-16 01:15:00,15771.2,0.0,14069.172482728094
2026-04-16 01:30:00,15225.5,0.0,13972.636228855234
2026-04-16 01:45:00,15155.7,0.0,13893.312313092109
2026-04-16 02:00:00,14995.6,0.0,13881.98399378188
2026-04-16 02:15:00,15653.8,0.0,14171.08753539807
2026-04-16 02:30:00,16199.7,0.0,14123.214253538825
2026-04-16 02:45:00,16193.0,0.0,14220.132271218614
2026-04-16 03:00:00,15810.9,0.0,14098.338362479873
2026-04-16 03:15:00,15997.5,0.0,13972.440950727228
2026-04-16 03:30:00,16054.4,0.0,14131.027625413255
2026-04-16 03:45:00,16223.3,0.0,14187.575881359866
2026-04-16 04:00:00,16492.8,0.0,13816.144528796309
2026-04-16 04:15:00,16566.9,0.0,13783.348501569137
2026-04-16 04:30:00,16044.5,0.0,13816.648114057769
2026-04-16 04:45:00,15653.3,0.0,13726.912568825192
2026-04-16 05:00:00,15398.3,0.0,13822.450256330168
2026-04-16 05:15:00,15690.1,0.0,14360.147845726282
2026-04-16 05:30:00,16017.2,0.0,12915.015676723724
2026-04-16 05:45:00,17182.4,0.0,12675.127081281722
2026-04-16 06:00:00,18325.6,0.0,13585.743833151662
2026-04-16 06:15:00,19302.2,0.0,14577.77843189752
2026-04-16 06:30:00,20238.5,0.0,15547.891783623676
2026-04-16 06:45:00,18810.5,0.0,15142.22099111971
2026-04-16 07:00:00,17095.7,0.0,13918.48922224774
2026-04-16 07:15:00,15670.9,0.0,12632.563584410193
2026-04-16 07:30:00,14121.0,0.0,11525.33889120645
2026-04-16 07:45:00,12739.1,0.0,10426.183568493196
2026-04-16 08:00:00,11958.2,0.0,10066.32890069628
2026-04-16 08:15:00,11910.9,0.0,9319.475830533936
2026-04-16 08:30:00,11949.8,0.0,8886.720698708314
2026-04-16 08:45:00,12219.0,0.0,8881.995761916023
2026-04-16 09:00:00,12333.2,0.0,8969.854178009131
2026-04-16 09:15:00,12306.6,0.0,9117.995529271358
2026-04-16 09:30:00,12196.9,0.0,8956.113440398394
2026-04-16 09:45:00,12219.5,0.0,8998.298343519862
2026-04-16 10:00:00,11185.0,0.0,7746.5265031018625
2026-04-16 10:15:00,11025.4,0.0,8011.969448355674
2026-04-16 10:30:00,11236.2,0.0,8254.608519975569
2026-04-16 10:45:00,11284.5,0.0,8450.226787799143
2026-04-16 11:00:00,11434.3,0.0,8665.888840454752
2026-04-16 11:15:00,11506.4,0.0,8654.64622808447
2026-04-16 11:30:00,11567.9,0.0,8662.734594610241
2026-04-16 11:45:00,11650.5,0.0,8717.065624358856
2026-04-16 12:00:00,11348.1,0.0,8806.415973424413
2026-04-16 12:15:00,11238.3,0.0,8846.443151574098
2026-04-16 12:30:00,11082.6,0.0,8760.77279908197
2026-04-16 12:45:00,10814.6,0.0,8659.543130901688
2026-04-16 13:00:00,10359.5,0.0,8290.212315309342
2026-04-16 13:15:00,10310.5,0.0,8345.964008669385
2026-04-16 13:30:00,10396.9,0.0,8530.420999806476
2026-04-16 13:45:00,10625.3,0.0,8855.080979680713
2026-04-16 14:00:00,11091.3,0.0,9191.302528636728
2026-04-16 14:15:00,11426.4,0.0,9320.042392459232
2026-04-16 14:30:00,12382.8,0.0,9588.465665721293
2026-04-16 14:45:00,13039.6,0.0,9769.320026199124
2026-04-16 15:00:00,13879.2,0.0,9597.660931765127
2026-04-16 15:15:00,14491.2,0.0,9938.943527249436
2026-04-16 15:30:00,15481.9,0.0,10245.965620498648
2026-04-16 15:45:00,15482.2,0.0,10542.466699023977
2026-04-16 16:00:00,15698.8,0.0,11521.262650434586
2026-04-16 16:15:00,15195.2,0.0,11109.957767480126
2026-04-16 16:30:00,15102.2,0.0,10684.1091267121
2026-04-16 16:45:00,15363.7,0.0,10736.773663693237
2026-04-16 17:00:00,14188.1,0.0,10495.065356542755
2026-04-16 17:15:00,14452.7,0.0,10637.78027481924
2026-04-16 17:30:00,14151.0,0.0,11152.388080900468
2026-04-16 17:45:00,14370.1,0.0,12032.984496488238
2026-04-16 18:00:00,13690.6,0.0,13140.351590773636
2026-04-16 18:15:00,16049.0,0.0,13761.459736071509
2026-04-16 18:30:00,19639.0,0.0,14664.900239623223
2026-04-16 18:45:00,19710.4,0.0,15192.778336942401
2026-04-16 19:00:00,22008.5,0.0,15813.127246927772
2026-04-16 19:15:00,22576.3,0.0,15963.557463211153
2026-04-16 19:30:00,21952.3,0.0,15714.449787814134
2026-04-16 19:45:00,20622.1,0.0,15295.273705857582
2026-04-16 20:00:00,18410.4,0.0,15480.563392596054
2026-04-16 20:15:00,16834.3,0.0,15304.798810776803
2026-04-16 20:30:00,16965.3,0.0,15128.402014013409
2026-04-16 20:45:00,17220.0,0.0,15244.052170594037
2026-04-16 21:00:00,17953.5,0.0,14361.881248409985
2026-04-16 21:15:00,18503.6,0.0,14342.948755708976
2026-04-16 21:30:00,19872.5,0.0,13904.51453116438
2026-04-16 21:45:00,20073.7,0.0,13912.96229820398
2026-04-16 22:00:00,22336.4,0.0,13795.431273852468
2026-04-16 22:15:00,23169.6,0.0,13541.202580793228
2026-04-16 22:30:00,23812.7,0.0,13963.421933775422
2026-04-16 22:45:00,24279.1,0.0,14228.296768791985
2026-04-16 23:00:00,22686.7,0.0,13942.090865867709
2026-04-16 23:15:00,21722.9,0.0,13869.534502081126
2026-04-16 23:30:00,20771.1,0.0,13747.014950228186
2026-04-16 23:45:00,20556.6,0.0,13743.21540932775
2026-04-17 00:00:00,26255.5,9.0,19083.579300760437
2026-04-17 00:15:00,25892.1,9.0,19109.268362987856
2026-04-17 00:30:00,25288.1,9.0,19354.1602610998
2026-04-17 00:45:00,24202.7,9.0,19419.62858492966
2026-04-17 01:00:00,22501.4,9.0,19449.668353575158
2026-04-17 01:15:00,22231.6,9.0,19414.24312222349
2026-04-17 01:30:00,17012.9,9.0,19317.70686835063
2026-04-17 01:45:00,17009.3,9.0,19238.382952587504
2026-04-17 02:00:00,16915.9,9.0,19227.05463327728
2026-04-17 02:15:00,17423.4,9.0,19516.15817489347
2026-04-17 02:30:00,17787.0,9.0,19468.284893034222
2026-04-17 02:45:00,18050.1,9.0,19565.20291071401
2026-04-17 03:00:00,16817.6,9.0,19443.40900197527
2026-04-17 03:15:00,16685.0,9.0,19317.511590222624
2026-04-17 03:30:00,16903.9,9.0,19476.09826490865
2026-04-17 03:45:00,17270.6,9.0,19532.64652085526
2026-04-17 04:00:00,17353.2,9.0,19161.215168291707
2026-04-17 04:15:00,17709.9,9.0,19128.419141064536
2026-04-17 04:30:00,17397.2,9.0,19161.718753553167
2026-04-17 04:45:00,17648.6,9.0,19071.98320832059
2026-04-17 05:00:00,16693.5,9.0,19167.520895825568
2026-04-17 05:15:00,16496.6,9.0,19705.21848522168
2026-04-17 05:30:00,16828.4,9.0,18260.086316219124
2026-04-17 05:45:00,17635.3,9.0,18020.19772077712
2026-04-17 06:00:00,18915.4,9.0,18930.81447264706
2026-04-17 06:15:00,20007.2,9.0,19922.849071392917
2026-04-17 06:30:00,20774.6,9.0,20892.962423119076
2026-04-17 06:45:00,19474.2,9.0,20487.29163061511
2026-04-17 07:00:00,19025.9,9.0,19263.55986174314
2026-04-17 07:15:00,17898.9,9.0,17977.63422390559
2026-04-17 07:30:00,16189.9,9.0,16870.409530701847
2026-04-17 07:45:00,15145.8,9.0,15771.254207988593
2026-04-17 08:00:00,14334.7,9.0,15411.399540191678
2026-04-17 08:15:00,13419.7,9.0,14664.546470029334
2026-04-17 08:30:00,13358.3,9.0,14231.791338203711
2026-04-17 08:45:00,13538.1,9.0,14227.06640141142
2026-04-17 09:00:00,12036.6,9.0,14314.924817504529
2026-04-17 09:15:00,11917.0,9.0,14463.066168766756
2026-04-17 09:30:00,11656.5,9.0,14301.184079893792
2026-04-17 09:45:00,11450.0,9.0,14343.36898301526
2026-04-17 10:00:00,10472.1,9.0,13091.59714259726
2026-04-17 10:15:00,10489.4,9.0,13357.040087851072
2026-04-17 10:30:00,10585.7,9.0,13599.679159470967
2026-04-17 10:45:00,10922.7,9.0,13795.297427294541
2026-04-17 11:00:00,10978.0,9.0,14010.95947995015
2026-04-17 11:15:00,11014.1,9.0,13999.716867579868
2026-04-17 11:30:00,11118.4,9.0,14007.80523410564
2026-04-17 11:45:00,11062.5,9.0,14062.136263854254
2026-04-17 12:00:00,10996.0,9.0,14151.48661291981
2026-04-17 12:15:00,10986.6,9.0,14191.513791069496
2026-04-17 12:30:00,10884.0,9.0,14105.843438577367
2026-04-17 12:45:00,10944.5,9.0,14004.613770397085
2026-04-17 13:00:00,10523.7,9.0,13635.28295480474
2026-04-17 13:15:00,10619.0,9.0,13691.034648164783
2026-04-17 13:30:00,10800.7,9.0,13875.491639301874
2026-04-17 13:45:00,11114.7,9.0,14200.151619176111
2026-04-17 14:00:00,11777.0,9.0,14536.373168132126
2026-04-17 14:15:00,12292.8,9.0,14665.11303195463
2026-04-17 14:30:00,13204.9,9.0,14933.53630521669
2026-04-17 14:45:00,13811.6,9.0,15114.390665694522
2026-04-17 15:00:00,14968.8,9.0,14942.731571260525
2026-04-17 15:15:00,14802.0,9.0,15284.014166744833
2026-04-17 15:30:00,15660.2,9.0,15591.036259994045
2026-04-17 15:45:00,15672.1,9.0,15887.537338519374
2026-04-17 16:00:00,16655.1,9.0,16866.333289929986
2026-04-17 16:15:00,16517.7,9.0,16455.02840697552
2026-04-17 16:30:00,15818.9,9.0,16029.179766207497
2026-04-17 16:45:00,16073.7,9.0,16081.844303188635
2026-04-17 17:00:00,15170.8,9.0,15840.135996038152
2026-04-17 17:15:00,15285.8,9.0,15982.850914314638
2026-04-17 17:30:00,14928.5,9.0,16497.458720395865
2026-04-17 17:45:00,15329.0,9.0,17378.055135983635
2026-04-17 18:00:00,14861.5,9.0,18485.422230269032
2026-04-17 18:15:00,17405.5,9.0,19106.53037556691
2026-04-17 18:30:00,21043.9,9.0,20009.97087911862
2026-04-17 18:45:00,21575.2,9.0,20537.8489764378
2026-04-17 19:00:00,26619.6,9.0,21158.19788642317
2026-04-17 19:15:00,26996.9,9.0,21308.62810270655
2026-04-17 19:30:00,27529.9,9.0,21059.52042730953
2026-04-17 19:45:00,27759.2,9.0,20640.34434535298
2026-04-17 20:00:00,27679.4,9.0,20825.634032091453
2026-04-17 20:15:00,27650.8,9.0,20649.8694502722
2026-04-17 20:30:00,27788.6,9.0,20473.472653508805
2026-04-17 20:45:00,27719.4,9.0,20589.122810089437
2026-04-17 21:00:00,31540.1,9.0,19706.951887905383
2026-04-17 21:15:00,31462.5,9.0,19688.019395204374
2026-04-17 21:30:00,31003.0,9.0,19249.585170659775
2026-04-17 21:45:00,30835.7,9.0,19258.032937699376
2026-04-17 22:00:00,31001.3,9.0,19140.501913347864
2026-04-17 22:15:00,32046.4,9.0,18886.273220288625
2026-04-17 22:30:00,34658.7,9.0,19308.49257327082
2026-04-17 22:45:00,36002.1,9.0,19573.367408287384
2026-04-17 23:00:00,35311.6,9.0,19287.161505363107
2026-04-17 23:15:00,33964.3,9.0,19214.605141576525
2026-04-17 23:30:00,31572.0,9.0,19092.08558972358
2026-04-17 23:45:00,30955.0,9.0,19088.286048823145
2026-04-18 00:00:00,31295.9,17.640000000000025,24192.453422862593
2026-04-18 00:15:00,29759.6,17.640000000000025,24218.142485090008
2026-04-18 00:30:00,28649.0,17.640000000000025,24463.034383201953
2026-04-18 00:45:00,27848.4,17.640000000000025,24528.50270703181
2026-04-18 01:00:00,26422.3,17.640000000000025,24558.542475677314
2026-04-18 01:15:00,25555.0,17.640000000000025,24523.117244325644
2026-04-18 01:30:00,19218.7,17.640000000000025,24426.580990452785
2026-04-18 01:45:00,18801.1,17.640000000000025,24347.25707468966
2026-04-18 02:00:00,19114.1,17.640000000000025,24335.92875537943
2026-04-18 02:15:00,19558.9,17.640000000000025,24625.03229699562
2026-04-18 02:30:00,19474.9,17.640000000000025,24577.159015136378
2026-04-18 02:45:00,19408.6,17.640000000000025,24674.077032816167
2026-04-18 03:00:00,18544.2,17.640000000000025,24552.283124077425
2026-04-18 03:15:00,18578.8,17.640000000000025,24426.38571232478
2026-04-18 03:30:00,18653.1,17.640000000000025,24584.972387010806
2026-04-18 03:45:00,18753.3,17.640000000000025,24641.520642957417
2026-04-18 04:00:00,19072.1,17.640000000000025,24270.08929039386
2026-04-18 04:15:00,19249.4,17.640000000000025,24237.293263166688
2026-04-18 04:30:00,19255.5,17.640000000000025,24270.59287565532
2026-04-18 04:45:00,19484.0,17.640000000000025,24180.857330422743
2026-04-18 05:00:00,19196.5,17.640000000000025,24276.39501792772
2026-04-18 05:15:00,18763.8,17.640000000000025,24814.092607323833
2026-04-18 05:30:00,19093.6,17.640000000000025,23368.960438321275
2026-04-18 05:45:00,19705.0,17.640000000000025,23129.071842879275
2026-04-18 06:00:00,21289.3,17.640000000000025,24039.688594749212
2026-04-18 06:15:00,21871.9,17.640000000000025,25031.72319349507
2026-04-18 06:30:00,22170.1,17.640000000000025,26001.836545221227
2026-04-18 06:45:00,20831.1,17.640000000000025,25596.16575271726
2026-04-18 07:00:00,20504.8,17.640000000000025,24372.43398384529
2026-04-18 07:15:00,19313.8,17.640000000000025,23086.508346007744
2026-04-18 07:30:00,17029.6,17.640000000000025,21979.283652804
2026-04-18 07:45:00,15931.8,17.640000000000025,20880.128330090745
2026-04-18 08:00:00,15250.9,17.640000000000025,20520.273662293832
2026-04-18 08:15:00,14589.3,17.640000000000025,19773.420592131486
2026-04-18 08:30:00,14839.9,17.640000000000025,19340.665460305863
2026-04-18 08:45:00,15219.0,17.640000000000025,19335.940523513575
2026-04-18 09:00:00,13861.5,17.640000000000025,19423.798939606684
2026-04-18 09:15:00,13879.0,17.640000000000025,19571.940290868908
2026-04-18 09:30:00,14183.8,17.640000000000025,19410.058201995947
2026-04-18 09:45:00,14251.5,17.640000000000025,19452.243105117414
2026-04-18 10:00:00,12635.7,17.640000000000025,18200.471264699416
2026-04-18 10:15:00,12709.5,17.640000000000025,18465.914209953226
2026-04-18 10:30:00,12626.9,17.640000000000025,18708.55328157312
2026-04-18 10:45:00,12623.9,17.640000000000025,18904.171549396695
2026-04-18 11:00:00,12845.8,17.640000000000025,19119.833602052306
2026-04-18 11:15:00,12726.8,17.640000000000025,19108.590989682023
2026-04-18 11:30:00,12643.7,17.640000000000025,19116.679356207795
2026-04-18 11:45:00,12658.3,17.640000000000025,19171.010385956408
2026-04-18 12:00:00,12711.7,17.640000000000025,19260.360735021965
2026-04-18 12:15:00,12589.8,17.640000000000025,19300.38791317165
2026-04-18 12:30:00,12803.2,17.640000000000025,19214.71756067952
2026-04-18 12:45:00,12771.8,17.640000000000025,19113.487892499237
2026-04-18 13:00:00,12871.6,17.640000000000025,18744.157076906893
2026-04-18 13:15:00,13015.8,17.640000000000025,18799.908770266935
2026-04-18 13:30:00,13322.6,17.640000000000025,18984.365761404028
2026-04-18 13:45:00,13572.7,17.640000000000025,19309.025741278267
2026-04-18 14:00:00,14665.1,17.640000000000025,19645.247290234278
2026-04-18 14:15:00,15059.9,17.640000000000025,19773.987154056784
2026-04-18 14:30:00,15415.1,17.640000000000025,20042.410427318842
2026-04-18 14:45:00,15657.9,17.640000000000025,20223.264787796674
2026-04-18 15:00:00,16114.9,17.640000000000025,20051.60569336268
2026-04-18 15:15:00,16163.6,17.640000000000025,20392.88828884699
2026-04-18 15:30:00,16706.1,17.640000000000025,20699.910382096197
2026-04-18 15:45:00,17145.5,17.640000000000025,20996.41146062153
2026-04-18 16:00:00,18053.6,17.640000000000025,21975.207412032138
2026-04-18 16:15:00,17764.6,17.640000000000025,21563.902529077677
2026-04-18 16:30:00,17206.8,17.640000000000025,21138.053888309652
2026-04-18 16:45:00,17727.4,17.640000000000025,21190.71842529079
2026-04-18 17:00:00,16237.8,17.640000000000025,20949.010118140308
2026-04-18 17:15:00,16771.1,17.640000000000025,21091.725036416792
2026-04-18 17:30:00,16218.1,17.640000000000025,21606.33284249802
2026-04-18 17:45:00,16529.3,17.640000000000025,22486.929258085787
2026-04-18 18:00:00,16437.1,17.640000000000025,23594.296352371188
2026-04-18 18:15:00,19046.3,17.640000000000025,24215.40449766906
2026-04-18 18:30:00,24082.6,17.640000000000025,25118.845001220776
2026-04-18 18:45:00,25693.9,17.640000000000025,25646.72309853995
2026-04-18 19:00:00,28275.8,17.640000000000025,26267.072008525323
2026-04-18 19:15:00,28769.7,17.640000000000025,26417.502224808704
2026-04-18 19:30:00,29103.1,17.640000000000025,26168.394549411685
2026-04-18 19:45:00,28681.3,17.640000000000025,25749.21846745513
2026-04-18 20:00:00,28955.9,17.640000000000025,25934.508154193605
2026-04-18 20:15:00,28884.1,17.640000000000025,25758.743572374355
2026-04-18 20:30:00,30224.5,17.640000000000025,25582.34677561096
2026-04-18 20:45:00,30556.0,17.640000000000025,25697.99693219159
2026-04-18 21:00:00,35759.6,17.640000000000025,24815.826010007535
2026-04-18 21:15:00,36184.1,17.640000000000025,24796.893517306526
2026-04-18 21:30:00,35639.0,17.640000000000025,24358.45929276193
2026-04-18 21:45:00,35426.3,17.640000000000025,24366.90705980153
2026-04-18 22:00:00,36037.7,17.640000000000025,24249.37603545002
2026-04-18 22:15:00,36847.3,17.640000000000025,23995.14734239078
2026-04-18 22:30:00,39625.1,17.640000000000025,24417.366695372973
2026-04-18 22:45:00,42259.0,17.640000000000025,24682.241530389536
2026-04-18 23:00:00,41692.6,17.640000000000025,24396.03562746526
2026-04-18 23:15:00,41886.5,17.640000000000025,24323.479263678677
2026-04-18 23:30:00,41132.5,17.640000000000025,24200.959711825737
2026-04-18 23:45:00,40946.6,17.640000000000025,24197.1601709253
2026-04-19 00:00:00,27125.9,23.039999999999974,27175.558888425345
2026-04-19 00:15:00,26967.4,23.039999999999974,27201.247950652763
2026-04-19 00:30:00,25044.0,23.039999999999974,27446.13984876471
2026-04-19 00:45:00,23781.9,23.039999999999974,27511.608172594566
2026-04-19 01:00:00,22854.1,23.039999999999974,27541.647941240066
2026-04-19 01:15:00,21701.6,23.039999999999974,27506.2227098884
2026-04-19 01:30:00,19641.8,23.039999999999974,27409.686456015537
2026-04-19 01:45:00,19127.5,23.039999999999974,27330.362540252412
2026-04-19 02:00:00,17445.7,23.039999999999974,27319.034220942187
2026-04-19 02:15:00,17776.1,23.039999999999974,27608.137762558377
2026-04-19 02:30:00,17132.5,23.039999999999974,27560.26448069913
2026-04-19 02:45:00,17196.7,23.039999999999974,27657.18249837892
2026-04-19 03:00:00,17079.6,23.039999999999974,27535.388589640177
2026-04-19 03:15:00,17201.7,23.039999999999974,27409.491177887532
2026-04-19 03:30:00,17040.6,23.039999999999974,27568.07785257356
2026-04-19 03:45:00,17094.6,23.039999999999974,27624.62610852017
2026-04-19 04:00:00,17125.6,23.039999999999974,27253.194755956614
2026-04-19 04:15:00,17242.9,23.039999999999974,27220.398728729444
2026-04-19 04:30:00,17262.1,23.039999999999974,27253.698341218074
2026-04-19 04:45:00,17396.1,23.039999999999974,27163.9627959855
2026-04-19 05:00:00,17035.9,23.039999999999974,27259.500483490476
2026-04-19 05:15:00,16898.6,23.039999999999974,27797.19807288659
2026-04-19 05:30:00,17333.4,23.039999999999974,26352.06590388403
2026-04-19 05:45:00,17775.7,23.039999999999974,26112.177308442027
2026-04-19 06:00:00,18111.8,23.039999999999974,27022.794060311968
2026-04-19 06:15:00,18495.7,23.039999999999974,28014.828659057825
2026-04-19 06:30:00,18357.3,23.039999999999974,28984.942010783983
2026-04-19 06:45:00,17757.6,23.039999999999974,28579.271218280017
2026-04-19 07:00:00,16972.1,23.039999999999974,27355.539449408046
2026-04-19 07:15:00,16097.7,23.039999999999974,26069.613811570496
2026-04-19 07:30:00,14954.9,23.039999999999974,24962.389118366755
2026-04-19 07:45:00,14066.2,23.039999999999974,23863.2337956535
2026-04-19 08:00:00,13310.1,23.039999999999974,23503.379127856584
2026-04-19 08:15:00,12501.9,23.039999999999974,22756.526057694242
2026-04-19 08:30:00,12468.6,23.039999999999974,22323.77092586862
2026-04-19 08:45:00,12041.8,23.039999999999974,22319.04598907633
2026-04-19 09:00:00,11694.1,23.039999999999974,22406.904405169436
2026-04-19 09:15:00,11606.8,23.039999999999974,22555.045756431664
2026-04-19 09:30:00,11723.7,23.039999999999974,22393.1636675587
2026-04-19 09:45:00,11774.3,23.039999999999974,22435.348570680166
2026-04-19 10:00:00,10087.1,23.039999999999974,21183.576730262168
2026-04-19 10:15:00,9932.4,23.039999999999974,21449.019675515978
2026-04-19 10:30:00,10211.4,23.039999999999974,21691.658747135873
2026-04-19 10:45:00,10195.8,23.039999999999974,21887.27701495945
2026-04-19 11:00:00,10427.7,23.039999999999974,22102.939067615058
2026-04-19 11:15:00,10466.5,23.039999999999974,22091.696455244775
2026-04-19 11:30:00,10595.4,23.039999999999974,22099.784821770547
2026-04-19 11:45:00,10643.7,23.039999999999974,22154.115851519164
2026-04-19 12:00:00,10369.9,23.039999999999974,22243.46620058472
2026-04-19 12:15:00,10513.3,23.039999999999974,22283.493378734405
2026-04-19 12:30:00,10482.4,23.039999999999974,22197.823026242273
2026-04-19 12:45:00,10451.8,23.039999999999974,22096.593358061993
2026-04-19 13:00:00,10293.8,23.039999999999974,21727.262542469645
2026-04-19 13:15:00,10337.0,23.039999999999974,21783.01423582969
2026-04-19 13:30:00,10537.0,23.039999999999974,21967.47122696678
2026-04-19 13:45:00,10691.8,23.039999999999974,22292.13120684102
2026-04-19 14:00:00,10859.1,23.039999999999974,22628.352755797034
2026-04-19 14:15:00,10836.8,23.039999999999974,22757.092619619536
2026-04-19 14:30:00,10854.2,23.039999999999974,23025.515892881598
2026-04-19 14:45:00,10784.3,23.039999999999974,23206.37025335943
2026-04-19 15:00:00,10947.7,23.039999999999974,23034.711158925435
2026-04-19 15:15:00,11478.8,23.039999999999974,23375.99375440974
2026-04-19 15:30:00,12101.0,23.039999999999974,23683.015847658953
2026-04-19 15:45:00,12567.2,23.039999999999974,23979.516926184282
2026-04-19 16:00:00,13715.2,23.039999999999974,24958.312877594894
2026-04-19 16:15:00,13826.4,23.039999999999974,24547.00799464043
2026-04-19 16:30:00,13672.4,23.039999999999974,24121.159353872405
2026-04-19 16:45:00,13484.8,23.039999999999974,24173.823890853542
2026-04-19 17:00:00,12588.7,23.039999999999974,23932.11558370306
2026-04-19 17:15:00,12420.9,23.039999999999974,24074.830501979544
2026-04-19 17:30:00,12047.9,23.039999999999974,24589.438308060773
2026-04-19 17:45:00,12428.5,23.039999999999974,25470.034723648543
2026-04-19 18:00:00,12446.2,23.039999999999974,26577.40181793394
2026-04-19 18:15:00,13996.8,23.039999999999974,27198.509963231816
2026-04-19 18:30:00,15065.2,23.039999999999974,28101.950466783528
2026-04-19 18:45:00,16329.3,23.039999999999974,28629.828564102707
2026-04-19 19:00:00,17355.0,23.039999999999974,29250.17747408808
2026-04-19 19:15:00,17414.1,23.039999999999974,29400.607690371457
2026-04-19 19:30:00,17505.6,23.039999999999974,29151.500014974437
2026-04-19 19:45:00,17639.9,23.039999999999974,28732.323933017888
2026-04-19 20:00:00,17212.3,23.039999999999974,28917.61361975636
2026-04-19 20:15:00,16959.3,23.039999999999974,28741.849037937107
2026-04-19 20:30:00,16954.4,23.039999999999974,28565.452241173713
2026-04-19 20:45:00,17738.3,23.039999999999974,28681.102397754345
2026-04-19 21:00:00,18204.8,23.039999999999974,27798.93147557029
2026-04-19 21:15:00,18559.8,23.039999999999974,27779.99898286928
2026-04-19 21:30:00,19758.1,23.039999999999974,27341.564758324683
2026-04-19 21:45:00,20075.9,23.039999999999974,27350.012525364284
2026-04-19 22:00:00,22302.5,23.039999999999974,27232.48150101277
2026-04-19 22:15:00,22977.8,23.039999999999974,26978.252807953533
2026-04-19 22:30:00,24662.4,23.039999999999974,27400.47216093573
2026-04-19 22:45:00,24077.3,23.039999999999974,27665.34699595229
2026-04-19 23:00:00,23209.2,23.039999999999974,27379.141093028014
2026-04-19 23:15:00,23315.8,23.039999999999974,27306.584729241433
2026-04-19 23:30:00,22797.0,23.039999999999974,27184.06517738849
2026-04-19 23:45:00,22248.6,23.039999999999974,27180.265636488053
2026-04-20 00:00:00,31504.0,27.04000000000003,30201.20004819681
2026-04-20 00:15:00,30846.0,27.04000000000003,30226.88911042423
2026-04-20 00:30:00,29979.6,27.04000000000003,30471.78100853617
2026-04-20 00:45:00,29328.1,27.04000000000003,30537.24933236603
2026-04-20 01:00:00,28716.0,27.04000000000003,30567.289101011527
2026-04-20 01:15:00,28198.0,27.04000000000003,30531.863869659865
2026-04-20 01:30:00,22589.4,27.04000000000003,30435.327615787002
2026-04-20 01:45:00,21081.6,27.04000000000003,30356.003700023877
2026-04-20 02:00:00,20935.2,27.04000000000003,30344.67538071365
2026-04-20 02:15:00,20464.9,27.04000000000003,30633.77892232984
2026-04-20 02:30:00,18785.7,27.04000000000003,30585.90564047059
2026-04-20 02:45:00,18855.5,27.04000000000003,30682.82365815038
2026-04-20 03:00:00,18759.7,27.04000000000003,30561.029749411642
2026-04-20 03:15:00,18940.0,27.04000000000003,30435.132337658997
2026-04-20 03:30:00,19214.1,27.04000000000003,30593.719012345024
2026-04-20 03:45:00,19215.1,27.04000000000003,30650.267268291635
2026-04-20 04:00:00,19314.6,27.04000000000003,30278.83591572808
2026-04-20 04:15:00,19274.2,27.04000000000003,30246.039888500905
2026-04-20 04:30:00,19403.9,27.04000000000003,30279.33950098954
2026-04-20 04:45:00,19699.6,27.04000000000003,30189.60395575696
2026-04-20 05:00:00,20172.6,27.04000000000003,30285.141643261937
2026-04-20 05:15:00,20956.5,27.04000000000003,30822.83923265805
2026-04-20 05:30:00,21653.3,27.04000000000003,29377.707063655493
2026-04-20 05:45:00,22807.4,27.04000000000003,29137.81846821349
2026-04-20 06:00:00,24234.8,27.04000000000003,30048.435220083433
2026-04-20 06:15:00,24879.8,27.04000000000003,31040.46981882929
2026-04-20 06:30:00,24250.1,27.04000000000003,32010.583170555445
2026-04-20 06:45:00,22815.3,27.04000000000003,31604.91237805148
2026-04-20 07:00:00,20658.5,27.04000000000003,30381.180609179508
2026-04-20 07:15:00,19627.9,27.04000000000003,29095.25497134196
2026-04-20 07:30:00,17542.4,27.04000000000003,27988.03027813822
2026-04-20 07:45:00,16545.2,27.04000000000003,26888.874955424966
2026-04-20 08:00:00,15410.1,27.04000000000003,26529.02028762805
2026-04-20 08:15:00,14707.0,27.04000000000003,25782.167217465707
2026-04-20 08:30:00,14481.9,27.04000000000003,25349.412085640084
2026-04-20 08:45:00,14612.8,27.04000000000003,25344.687148847792
2026-04-20 09:00:00,13834.8,27.04000000000003,25432.545564940898
2026-04-20 09:15:00,13703.8,27.04000000000003,25580.68691620313
2026-04-20 09:30:00,13765.6,27.04000000000003,25418.80482733016
2026-04-20 09:45:00,13709.1,27.04000000000003,25460.98973045163
2026-04-20 10:00:00,12302.6,27.04000000000003,24209.21789003363
2026-04-20 10:15:00,12696.1,27.04000000000003,24474.660835287443
2026-04-20 10:30:00,12749.1,27.04000000000003,24717.299906907338
2026-04-20 10:45:00,12972.1,27.04000000000003,24912.918174730912
2026-04-20 11:00:00,12938.3,27.04000000000003,25128.58022738652
2026-04-20 11:15:00,12987.9,27.04000000000003,25117.337615016237
2026-04-20 11:30:00,13108.7,27.04000000000003,25125.42598154201
2026-04-20 11:45:00,13137.0,27.04000000000003,25179.757011290625
2026-04-20 12:00:00,12994.4,27.04000000000003,25269.10736035618
2026-04-20 12:15:00,13165.1,27.04000000000003,25309.134538505867
2026-04-20 12:30:00,13139.7,27.04000000000003,25223.464186013738
2026-04-20 12:45:00,13301.4,27.04000000000003,25122.234517833458
2026-04-20 13:00:00,13168.4,27.04000000000003,24752.90370224111
2026-04-20 13:15:00,13292.1,27.04000000000003,24808.655395601156
2026-04-20 13:30:00,13528.9,27.04000000000003,24993.112386738245
2026-04-20 13:45:00,13616.4,27.04000000000003,25317.77236661248
2026-04-20 14:00:00,14559.0,27.04000000000003,25653.9939155685
2026-04-20 14:15:00,14893.8,27.04000000000003,25782.733779391
2026-04-20 14:30:00,15324.9,27.04000000000003,26051.157052653063
2026-04-20 14:45:00,15816.7,27.04000000000003,26232.011413130895
2026-04-20 15:00:00,15728.5,27.04000000000003,26060.352318696896
2026-04-20 15:15:00,16609.4,27.04000000000003,26401.634914181202
2026-04-20 15:30:00,17215.6,27.04000000000003,26708.657007430418
2026-04-20 15:45:00,17516.9,27.04000000000003,27005.158085955743
2026-04-20 16:00:00,18804.1,27.04000000000003,27983.954037366355
2026-04-20 16:15:00,18407.4,27.04000000000003,27572.649154411894
2026-04-20 16:30:00,18513.4,27.04000000000003,27146.800513643866
2026-04-20 16:45:00,18189.5,27.04000000000003,27199.465050625004
2026-04-20 17:00:00,17288.7,27.04000000000003,26957.75674347452
2026-04-20 17:15:00,17559.8,27.04000000000003,27100.47166175101
2026-04-20 17:30:00,17659.8,27.04000000000003,27615.079467832235
2026-04-20 17:45:00,18369.6,27.04000000000003,28495.675883420008
2026-04-20 18:00:00,18572.8,27.04000000000003,29603.042977705405
2026-04-20 18:15:00,22535.7,27.04000000000003,30224.151123003277
2026-04-20 18:30:00,24712.0,27.04000000000003,31127.59162655499
2026-04-20 18:45:00,27031.3,27.04000000000003,31655.469723874172
2026-04-20 19:00:00,32582.3,27.04000000000003,32275.81863385954
2026-04-20 19:15:00,33553.4,27.04000000000003,32426.24885014292
2026-04-20 19:30:00,33863.4,27.04000000000003,32177.141174745902
2026-04-20 19:45:00,34483.8,27.04000000000003,31757.965092789353
2026-04-20 20:00:00,32611.0,27.04000000000003,31943.254779527822
2026-04-20 20:15:00,31871.3,27.04000000000003,31767.490197708572
2026-04-20 20:30:00,32153.5,27.04000000000003,31591.093400945178
2026-04-20 20:45:00,33412.8,27.04000000000003,31706.743557525806
2026-04-20 21:00:00,39031.9,27.04000000000003,30824.572635341756
2026-04-20 21:15:00,39029.6,27.04000000000003,30805.640142640746
2026-04-20 21:30:00,38757.3,27.04000000000003,30367.205918096148
2026-04-20 21:45:00,39056.0,27.04000000000003,30375.65368513575
2026-04-20 22:00:00,42675.4,27.04000000000003,30258.122660784236
2026-04-20 22:15:00,46435.8,27.04000000000003,30003.893967724995
2026-04-20 22:30:00,50292.4,27.04000000000003,30426.11332070719
2026-04-20 22:45:00,51637.7,27.04000000000003,30690.988155723753
2026-04-20 23:00:00,51730.6,27.04000000000003,30404.78225279948
2026-04-20 23:15:00,51938.4,27.04000000000003,30332.225889012894
2026-04-20 23:30:00,50660.3,27.04000000000003,30209.706337159954
2026-04-20 23:45:00,50319.6,27.04000000000003,30205.906796259518
2026-04-21 00:00:00,35399.7,24.009999999999987,27653.370398134044
2026-04-21 00:15:00,34754.1,24.009999999999987,27679.059460361463
2026-04-21 00:30:00,33976.1,24.009999999999987,27923.95135847341
2026-04-21 00:45:00,32442.1,24.009999999999987,27989.419682303265
2026-04-21 01:00:00,29490.0,24.009999999999987,28019.459450948765
2026-04-21 01:15:00,29288.8,24.009999999999987,27984.0342195971
2026-04-21 01:30:00,23051.9,24.009999999999987,27887.497965724237
2026-04-21 01:45:00,22546.3,24.009999999999987,27808.17404996111
2026-04-21 02:00:00,20844.1,24.009999999999987,27796.845730650886
2026-04-21 02:15:00,20312.2,24.009999999999987,28085.949272267077
2026-04-21 02:30:00,19654.4,24.009999999999987,28038.07599040783
2026-04-21 02:45:00,18771.3,24.009999999999987,28134.99400808762
2026-04-21 03:00:00,17672.6,24.009999999999987,28013.200099348876
2026-04-21 03:15:00,17785.8,24.009999999999987,27887.30268759623
2026-04-21 03:30:00,17887.0,24.009999999999987,28045.889362282258
2026-04-21 03:45:00,17670.5,24.009999999999987,28102.43761822887
2026-04-21 04:00:00,17833.7,24.009999999999987,27731.006265665314
2026-04-21 04:15:00,17887.6,24.009999999999987,27698.210238438143
2026-04-21 04:30:00,17959.6,24.009999999999987,27731.509850926774
2026-04-21 04:45:00,18370.9,24.009999999999987,27641.774305694198
2026-04-21 05:00:00,17250.0,24.009999999999987,27737.311993199175
2026-04-21 05:15:00,17828.0,24.009999999999987,28275.00958259529
2026-04-21 05:30:00,18473.3,24.009999999999987,26829.87741359273
2026-04-21 05:45:00,18889.6,24.009999999999987,26589.988818150727
2026-04-21 06:00:00,20024.5,24.009999999999987,27500.605570020667
2026-04-21 06:15:00,20694.4,24.009999999999987,28492.640168766524
2026-04-21 06:30:00,20508.7,24.009999999999987,29462.753520492683
2026-04-21 06:45:00,19708.4,24.009999999999987,29057.082727988716
2026-04-21 07:00:00,18073.8,24.009999999999987,27833.350959116746
2026-04-21 07:15:00,17238.8,24.009999999999987,26547.425321279195
2026-04-21 07:30:00,15913.9,24.009999999999987,25440.200628075454
2026-04-21 07:45:00,15043.1,24.009999999999987,24341.0453053622
2026-04-21 08:00:00,13986.4,24.009999999999987,23981.190637565283
2026-04-21 08:15:00,13499.3,24.009999999999987,23234.33756740294
2026-04-21 08:30:00,13417.0,24.009999999999987,22801.58243557732
2026-04-21 08:45:00,13408.0,24.009999999999987,22796.85749878503
2026-04-21 09:00:00,12951.4,24.009999999999987,22884.715914878136
2026-04-21 09:15:00,13082.0,24.009999999999987,23032.857266140363
2026-04-21 09:30:00,13060.1,24.009999999999987,22870.9751772674
2026-04-21 09:45:00,12901.8,24.009999999999987,22913.160080388865
2026-04-21 10:00:00,11308.5,24.009999999999987,21661.388239970867
2026-04-21 10:15:00,11143.8,24.009999999999987,21926.831185224677
2026-04-21 10:30:00,11307.2,24.009999999999987,22169.470256844572
2026-04-21 10:45:00,11438.2,24.009999999999987,22365.08852466815
2026-04-21 11:00:00,11562.0,24.009999999999987,22580.750577323757
2026-04-21 11:15:00,11722.2,24.009999999999987,22569.507964953475
2026-04-21 11:30:00,12064.6,24.009999999999987,22577.596331479246
2026-04-21 11:45:00,12168.3,24.009999999999987,22631.927361227863
2026-04-21 12:00:00,12593.4,24.009999999999987,22721.27771029342
2026-04-21 12:15:00,12603.8,24.009999999999987,22761.304888443105
2026-04-21 12:30:00,12498.5,24.009999999999987,22675.634535950972
2026-04-21 12:45:00,12484.6,24.009999999999987,22574.404867770692
2026-04-21 13:00:00,12569.6,24.009999999999987,22205.074052178345
2026-04-21 13:15:00,12788.0,24.009999999999987,22260.82574553839
2026-04-21 13:30:00,13222.3,24.009999999999987,22445.28273667548
2026-04-21 13:45:00,13486.0,24.009999999999987,22769.942716549718
2026-04-21 14:00:00,14330.3,24.009999999999987,23106.164265505733
2026-04-21 14:15:00,14883.6,24.009999999999987,23234.904129328235
2026-04-21 14:30:00,15560.1,24.009999999999987,23503.327402590297
2026-04-21 14:45:00,15417.2,24.009999999999987,23684.18176306813
2026-04-21 15:00:00,15413.1,24.009999999999987,23512.522668634134
2026-04-21 15:15:00,15814.0,24.009999999999987,23853.80526411844
2026-04-21 15:30:00,16277.3,24.009999999999987,24160.827357367652
2026-04-21 15:45:00,16950.1,24.009999999999987,24457.32843589298
2026-04-21 16:00:00,18224.6,24.009999999999987,25436.124387303593
2026-04-21 16:15:00,17782.6,24.009999999999987,25024.81950434913
2026-04-21 16:30:00,17395.0,24.009999999999987,24598.970863581104
2026-04-21 16:45:00,17435.9,24.009999999999987,24651.63540056224
2026-04-21 17:00:00,15934.4,24.009999999999987,24409.92709341176
2026-04-21 17:15:00,16564.3,24.009999999999987,24552.642011688244
2026-04-21 17:30:00,16476.9,24.009999999999987,25067.249817769472
2026-04-21 17:45:00,16288.5,24.009999999999987,25947.846233357242
2026-04-21 18:00:00,15602.4,24.009999999999987,27055.21332764264
2026-04-21 18:15:00,20662.4,24.009999999999987,27676.321472940515
2026-04-21 18:30:00,23481.6,24.009999999999987,28579.761976492227
2026-04-21 18:45:00,25270.2,24.009999999999987,29107.640073811406
2026-04-21 19:00:00,27889.9,24.009999999999987,29727.98898379678
2026-04-21 19:15:00,29380.6,24.009999999999987,29878.419200080156
2026-04-21 19:30:00,29728.1,24.009999999999987,29629.311524683137
2026-04-21 19:45:00,30083.2,24.009999999999987,29210.135442726587
2026-04-21 20:00:00,30928.0,24.009999999999987,29395.42512946506
2026-04-21 20:15:00,31342.9,24.009999999999987,29219.660547645806
2026-04-21 20:30:00,31762.4,24.009999999999987,29043.263750882412
2026-04-21 20:45:00,32667.7,24.009999999999987,29158.913907463044
2026-04-21 21:00:00,37027.3,24.009999999999987,28276.74298527899
2026-04-21 21:15:00,37438.6,24.009999999999987,28257.81049257798
2026-04-21 21:30:00,37027.2,24.009999999999987,27819.376268033382
2026-04-21 21:45:00,37171.4,24.009999999999987,27827.824035072983
2026-04-21 22:00:00,39113.7,24.009999999999987,27710.29301072147
2026-04-21 22:15:00,40648.1,24.009999999999987,27456.064317662232
2026-04-21 22:30:00,41664.6,24.009999999999987,27878.28367064443
2026-04-21 22:45:00,43050.0,24.009999999999987,28143.15850566099
2026-04-21 23:00:00,45429.2,24.009999999999987,27856.952602736714
2026-04-21 23:15:00,45725.9,24.009999999999987,27784.396238950132
2026-04-21 23:30:00,44030.5,24.009999999999987,27661.87668709719
2026-04-21 23:45:00,41731.0,24.009999999999987,27658.077146196752
