ds,y,"SARIMA (0,1,0,0,1,1,96) exog"
2026-04-08 00:00:00,12228.6,10902.597718289731
2026-04-08 00:15:00,12178.0,11134.911898430952
2026-04-08 00:30:00,12444.5,11452.228284105795
2026-04-08 00:45:00,12719.5,11747.879234243857
2026-04-08 01:00:00,12814.5,11690.213777260822
2026-04-08 01:15:00,12844.7,11669.493825155707
2026-04-08 01:30:00,12958.5,11703.70587182125
2026-04-08 01:45:00,13095.2,11718.641835753353
2026-04-08 02:00:00,13470.0,11717.831096810709
2026-04-08 02:15:00,13827.1,12064.365821493684
2026-04-08 02:30:00,13992.7,12220.954356708511
2026-04-08 02:45:00,14221.3,12403.924051153985
2026-04-08 03:00:00,14208.6,12391.06848532166
2026-04-08 03:15:00,14234.0,12375.40329734445
2026-04-08 03:30:00,14489.2,12580.09578828847
2026-04-08 03:45:00,14524.9,12657.687782453328
2026-04-08 04:00:00,14531.4,12634.357753069604
2026-04-08 04:15:00,14836.0,12599.382121415054
2026-04-08 04:30:00,14887.5,12516.060782499997
2026-04-08 04:45:00,14588.9,12396.898235239347
2026-04-08 05:00:00,13789.6,12440.992629674596
2026-04-08 05:15:00,13857.8,12684.978972372679
2026-04-08 05:30:00,11879.6,12766.493848876133
2026-04-08 05:45:00,11682.4,13032.435809708762
2026-04-08 06:00:00,12450.9,13803.574256919816
2026-04-08 06:15:00,13094.4,14475.677188463993
2026-04-08 06:30:00,14163.5,15791.95544252851
2026-04-08 06:45:00,14168.9,15805.512224219383
2026-04-08 07:00:00,13874.3,15079.432288928063
2026-04-08 07:15:00,13541.8,14418.697036462898
2026-04-08 07:30:00,13219.2,13277.793477326743
2026-04-08 07:45:00,12586.1,12218.282988623245
2026-04-08 08:00:00,12880.3,10344.630532366275
2026-04-08 08:15:00,11769.0,9539.51331944132
2026-04-08 08:30:00,11088.5,8981.292443766586
2026-04-08 08:45:00,11127.2,9081.189900117564
2026-04-08 09:00:00,11378.3,9004.009345046106
2026-04-08 09:15:00,11737.7,8970.363185633803
2026-04-08 09:30:00,11158.5,8884.357735381982
2026-04-08 09:45:00,10804.3,8734.428127424197
2026-04-08 10:00:00,9407.4,7222.0748422719125
2026-04-08 10:15:00,9467.4,7144.342453988152
2026-04-08 10:30:00,9961.0,7103.980097834697
2026-04-08 10:45:00,10325.2,7103.121105848492
2026-04-08 11:00:00,10507.4,7251.827163112811
2026-04-08 11:15:00,10525.0,7302.922239132043
2026-04-08 11:30:00,10520.2,7586.929310331959
2026-04-08 11:45:00,10715.4,7754.33019514567
2026-04-08 12:00:00,10732.0,7781.442170112828
2026-04-08 12:15:00,10811.2,7899.898137402312
2026-04-08 12:30:00,11106.2,7817.070352451446
2026-04-08 12:45:00,11164.0,7732.611662956037
2026-04-08 13:00:00,10963.3,7572.561915780988
2026-04-08 13:15:00,10765.8,7543.581257004357
2026-04-08 13:30:00,10998.9,7625.773257400527
2026-04-08 13:45:00,11105.6,7809.454226746307
2026-04-08 14:00:00,11397.7,8136.682383562967
2026-04-08 14:15:00,11602.9,8310.966839408884
2026-04-08 14:30:00,12048.6,8558.057441466855
2026-04-08 14:45:00,12063.3,8875.171637578156
2026-04-08 15:00:00,12217.3,9173.180234869844
2026-04-08 15:15:00,12545.6,9587.648985995982
2026-04-08 15:30:00,12897.0,9964.486521605126
2026-04-08 15:45:00,12766.6,10093.321909730574
2026-04-08 16:00:00,13508.1,10995.298368218053
2026-04-08 16:15:00,13004.5,10558.729087631042
2026-04-08 16:30:00,12284.5,10344.586265538479
2026-04-08 16:45:00,11762.6,10114.62884958937
2026-04-08 17:00:00,11309.3,10156.65713427101
2026-04-08 17:15:00,11233.3,9988.768541999143
2026-04-08 17:30:00,11085.7,10001.28206673212
2026-04-08 17:45:00,11330.3,10221.843636876549
2026-04-08 18:00:00,13064.9,10653.530648859629
2026-04-08 18:15:00,13143.8,11192.578122416038
2026-04-08 18:30:00,13840.9,11637.31626977221
2026-04-08 18:45:00,14238.4,12110.970460866693
2026-04-08 19:00:00,14207.7,11938.327379079921
2026-04-08 19:15:00,14165.9,11903.068149777544
2026-04-08 19:30:00,14022.4,11595.666401504148
2026-04-08 19:45:00,13655.3,11166.92161698366
2026-04-08 20:00:00,13144.0,10663.719485232763
2026-04-08 20:15:00,13148.0,10396.798170161312
2026-04-08 20:30:00,13159.0,10496.894832265305
2026-04-08 20:45:00,13214.4,10586.766043573927
2026-04-08 21:00:00,12154.7,10169.769111852807
2026-04-08 21:15:00,12035.1,10145.147189957786
2026-04-08 21:30:00,11968.5,9929.27893391831
2026-04-08 21:45:00,11901.4,9849.39663705694
2026-04-08 22:00:00,12169.0,9915.947739460244
2026-04-08 22:15:00,12313.0,10008.429954519506
2026-04-08 22:30:00,12910.6,10320.211338589017
2026-04-08 22:45:00,13069.3,10367.467314765685
2026-04-08 23:00:00,12744.1,10184.3475081203
2026-04-08 23:15:00,12539.0,10079.853983223842
2026-04-08 23:30:00,12636.8,9960.648049202846
2026-04-08 23:45:00,12896.1,9890.991019940426
2026-04-09 00:00:00,14189.5,9893.588738230159
2026-04-09 00:15:00,14292.4,10125.90291837138
2026-04-09 00:30:00,14468.3,10443.219304046223
2026-04-09 00:45:00,14516.5,10738.870254184285
2026-04-09 01:00:00,14595.8,10681.20479720125
2026-04-09 01:15:00,14586.8,10660.484845096134
2026-04-09 01:30:00,14657.9,10694.696891761678
2026-04-09 01:45:00,14547.2,10709.63285569378
2026-04-09 02:00:00,14822.2,10708.822116751136
2026-04-09 02:15:00,15193.4,11055.356841434112
2026-04-09 02:30:00,15258.4,11211.945376648939
2026-04-09 02:45:00,15443.8,11394.915071094412
2026-04-09 03:00:00,15400.7,11382.059505262088
2026-04-09 03:15:00,15386.9,11366.394317284878
2026-04-09 03:30:00,15655.3,11571.086808228898
2026-04-09 03:45:00,15636.9,11648.678802393755
2026-04-09 04:00:00,15586.5,11625.348773010031
2026-04-09 04:15:00,15656.2,11590.373141355481
2026-04-09 04:30:00,15590.4,11507.051802440425
2026-04-09 04:45:00,15581.0,11387.889255179774
2026-04-09 05:00:00,15116.4,11431.983649615024
2026-04-09 05:15:00,15436.2,11675.969992313107
2026-04-09 05:30:00,13771.9,11757.48486881656
2026-04-09 05:45:00,13151.4,12023.42682964919
2026-04-09 06:00:00,15401.4,12794.565276860243
2026-04-09 06:15:00,16401.6,13466.66820840442
2026-04-09 06:30:00,17785.2,14782.946462468937
2026-04-09 06:45:00,17752.2,14796.50324415981
2026-04-09 07:00:00,17410.7,14070.42330886849
2026-04-09 07:15:00,16483.8,13409.688056403325
2026-04-09 07:30:00,15453.4,12268.78449726717
2026-04-09 07:45:00,14185.9,11209.274008563672
2026-04-09 08:00:00,12960.3,9335.621552306702
2026-04-09 08:15:00,11910.6,8530.504339381747
2026-04-09 08:30:00,11173.5,7972.283463707014
2026-04-09 08:45:00,11094.6,8072.180920057992
2026-04-09 09:00:00,11570.6,7995.000364986534
2026-04-09 09:15:00,11857.6,7961.354205574231
2026-04-09 09:30:00,10421.8,7875.3487553224095
2026-04-09 09:45:00,11265.7,7725.419147364624
2026-04-09 10:00:00,10103.9,6213.065862212339
2026-04-09 10:15:00,10387.8,6135.333473928578
2026-04-09 10:30:00,10931.0,6094.971117775123
2026-04-09 10:45:00,11167.0,6094.112125788919
2026-04-09 11:00:00,11162.8,6242.818183053238
2026-04-09 11:15:00,11025.8,6293.913259072469
2026-04-09 11:30:00,10761.2,6577.920330272385
2026-04-09 11:45:00,10844.3,6745.321215086096
2026-04-09 12:00:00,10703.8,6772.433190053254
2026-04-09 12:15:00,10632.1,6890.889157342739
2026-04-09 12:30:00,10687.7,6808.061372391872
2026-04-09 12:45:00,10566.5,6723.602682896464
2026-04-09 13:00:00,10319.4,6563.5529357214145
2026-04-09 13:15:00,10225.6,6534.572276944784
2026-04-09 13:30:00,10439.4,6616.764277340953
2026-04-09 13:45:00,10804.0,6800.445246686733
2026-04-09 14:00:00,11061.6,7127.673403503393
2026-04-09 14:15:00,11441.3,7301.957859349312
2026-04-09 14:30:00,11729.1,7549.048461407283
2026-04-09 14:45:00,11949.6,7866.162657518584
2026-04-09 15:00:00,11866.9,8164.171254810271
2026-04-09 15:15:00,12259.2,8578.64000593641
2026-04-09 15:30:00,12787.8,8955.477541545553
2026-04-09 15:45:00,12491.4,9084.312929671001
2026-04-09 16:00:00,13691.6,9986.28938815848
2026-04-09 16:15:00,13132.8,9549.72010757147
2026-04-09 16:30:00,12445.7,9335.577285478907
2026-04-09 16:45:00,13073.2,9105.619869529797
2026-04-09 17:00:00,12659.7,9147.648154211438
2026-04-09 17:15:00,12811.3,8979.75956193957
2026-04-09 17:30:00,13629.0,8992.273086672547
2026-04-09 17:45:00,15014.9,9212.834656816976
2026-04-09 18:00:00,16825.0,9644.521668800056
2026-04-09 18:15:00,18035.5,10183.569142356466
2026-04-09 18:30:00,17840.5,10628.307289712637
2026-04-09 18:45:00,18021.8,11101.96148080712
2026-04-09 19:00:00,17672.0,10929.318399020349
2026-04-09 19:15:00,17318.8,10894.059169717972
2026-04-09 19:30:00,16966.1,10586.657421444575
2026-04-09 19:45:00,16623.4,10157.912636924088
2026-04-09 20:00:00,15964.9,9654.71050517319
2026-04-09 20:15:00,15441.2,9387.78919010174
2026-04-09 20:30:00,15269.3,9487.885852205733
2026-04-09 20:45:00,15593.7,9577.757063514355
2026-04-09 21:00:00,14967.4,9160.760131793235
2026-04-09 21:15:00,14536.4,9136.138209898214
2026-04-09 21:30:00,14292.6,8920.269953858737
2026-04-09 21:45:00,14439.8,8840.387656997367
2026-04-09 22:00:00,14607.3,8906.938759400671
2026-04-09 22:15:00,14623.3,8999.420974459934
2026-04-09 22:30:00,15374.1,9311.202358529445
2026-04-09 22:45:00,15448.8,9358.458334706113
2026-04-09 23:00:00,15172.0,9175.338528060727
2026-04-09 23:15:00,14973.9,9070.84500316427
2026-04-09 23:30:00,14879.9,8951.639069143273
2026-04-09 23:45:00,15046.0,8881.982039880853
2026-04-10 00:00:00,15240.8,8884.579758170587
2026-04-10 00:15:00,15160.0,9116.893938311807
2026-04-10 00:30:00,15317.2,9434.21032398665
2026-04-10 00:45:00,15220.9,9729.861274124713
2026-04-10 01:00:00,15331.3,9672.195817141677
2026-04-10 01:15:00,15026.3,9651.475865036562
2026-04-10 01:30:00,15256.5,9685.687911702105
2026-04-10 01:45:00,15193.8,9700.623875634208
2026-04-10 02:00:00,15341.9,9699.813136691564
2026-04-10 02:15:00,15614.9,10046.34786137454
2026-04-10 02:30:00,15973.3,10202.936396589366
2026-04-10 02:45:00,16151.3,10385.90609103484
2026-04-10 03:00:00,16026.0,10373.050525202516
2026-04-10 03:15:00,16116.4,10357.385337225305
2026-04-10 03:30:00,16267.9,10562.077828169326
2026-04-10 03:45:00,16411.2,10639.669822334183
2026-04-10 04:00:00,15995.0,10616.339792950459
2026-04-10 04:15:00,15530.8,10581.364161295909
2026-04-10 04:30:00,15745.4,10498.042822380852
2026-04-10 04:45:00,15621.4,10378.880275120202
2026-04-10 05:00:00,15524.6,10422.974669555451
2026-04-10 05:15:00,15845.1,10666.961012253534
2026-04-10 05:30:00,13992.6,10748.475888756988
2026-04-10 05:45:00,13968.7,11014.417849589618
2026-04-10 06:00:00,15058.4,11785.55629680067
2026-04-10 06:15:00,15943.8,12457.659228344848
2026-04-10 06:30:00,17649.4,13773.937482409365
2026-04-10 06:45:00,17679.4,13787.494264100238
2026-04-10 07:00:00,16446.0,13061.414328808918
2026-04-10 07:15:00,15528.6,12400.679076343753
2026-04-10 07:30:00,14126.6,11259.775517207598
2026-04-10 07:45:00,12685.4,10200.2650285041
2026-04-10 08:00:00,12354.9,8326.61257224713
2026-04-10 08:15:00,11021.2,7521.495359322174
2026-04-10 08:30:00,10341.9,6963.274483647441
2026-04-10 08:45:00,9726.9,7063.1719399984195
2026-04-10 09:00:00,10190.1,6985.9913849269615
2026-04-10 09:15:00,10269.3,6952.3452255146585
2026-04-10 09:30:00,10016.0,6866.339775262837
2026-04-10 09:45:00,9621.1,6716.410167305052
2026-04-10 10:00:00,8500.3,5204.056882152767
2026-04-10 10:15:00,8668.1,5126.324493869006
2026-04-10 10:30:00,9071.6,5085.962137715551
2026-04-10 10:45:00,9221.6,5085.103145729347
2026-04-10 11:00:00,9559.3,5233.809202993665
2026-04-10 11:15:00,9434.0,5284.904279012897
2026-04-10 11:30:00,9382.9,5568.911350212813
2026-04-10 11:45:00,9421.4,5736.312235026524
2026-04-10 12:00:00,9384.7,5763.424209993682
2026-04-10 12:15:00,9353.4,5881.880177283167
2026-04-10 12:30:00,9390.6,5799.0523923323
2026-04-10 12:45:00,9222.1,5714.593702836892
2026-04-10 13:00:00,8953.5,5554.543955661842
2026-04-10 13:15:00,8919.6,5525.5632968852115
2026-04-10 13:30:00,9092.7,5607.755297281381
2026-04-10 13:45:00,9329.7,5791.436266627161
2026-04-10 14:00:00,9583.6,6118.664423443821
2026-04-10 14:15:00,10002.4,6292.948879289739
2026-04-10 14:30:00,10186.6,6540.0394813477105
2026-04-10 14:45:00,9859.2,6857.153677459011
2026-04-10 15:00:00,10562.4,7155.162274750699
2026-04-10 15:15:00,11076.0,7569.631025876837
2026-04-10 15:30:00,11837.5,7946.468561485981
2026-04-10 15:45:00,12491.1,8075.303949611429
2026-04-10 16:00:00,13217.5,8977.280408098908
2026-04-10 16:15:00,12935.5,8540.711127511897
2026-04-10 16:30:00,12755.0,8326.568305419334
2026-04-10 16:45:00,12442.3,8096.610889470225
2026-04-10 17:00:00,12461.4,8138.6391741518655
2026-04-10 17:15:00,12884.5,7970.750581879998
2026-04-10 17:30:00,13137.3,7983.2641066129745
2026-04-10 17:45:00,14137.5,8203.825676757404
2026-04-10 18:00:00,14964.2,8635.512688740484
2026-04-10 18:15:00,16089.8,9174.560162296893
2026-04-10 18:30:00,17574.8,9619.298309653064
2026-04-10 18:45:00,17895.9,10092.952500747548
2026-04-10 19:00:00,18592.0,9920.309418960776
2026-04-10 19:15:00,18378.1,9885.0501896584
2026-04-10 19:30:00,18314.3,9577.648441385003
2026-04-10 19:45:00,17867.5,9148.903656864515
2026-04-10 20:00:00,18200.4,8645.701525113618
2026-04-10 20:15:00,17686.6,8378.780210042167
2026-04-10 20:30:00,17621.1,8478.87687214616
2026-04-10 20:45:00,17822.0,8568.748083454782
2026-04-10 21:00:00,16492.6,8151.7511517336625
2026-04-10 21:15:00,16270.0,8127.129229838642
2026-04-10 21:30:00,15585.6,7911.260973799164
2026-04-10 21:45:00,15407.3,7831.378676937795
2026-04-10 22:00:00,14958.4,7897.929779341099
2026-04-10 22:15:00,15130.0,7990.411994400361
2026-04-10 22:30:00,15505.7,8302.193378469872
2026-04-10 22:45:00,15736.4,8349.44935464654
2026-04-10 23:00:00,15527.9,8166.329548001155
2026-04-10 23:15:00,15443.4,8061.836023104697
2026-04-10 23:30:00,15268.6,7942.630089083701
2026-04-10 23:45:00,15466.9,7872.973059821281
2026-04-11 00:00:00,15533.2,7875.570778111014
2026-04-11 00:15:00,15360.0,8107.884958252234
2026-04-11 00:30:00,15545.6,8425.201343927078
2026-04-11 00:45:00,15439.0,8720.85229406514
2026-04-11 01:00:00,15238.7,8663.186837082105
2026-04-11 01:15:00,15281.4,8642.46688497699
2026-04-11 01:30:00,15434.1,8676.678931642533
2026-04-11 01:45:00,15382.8,8691.614895574636
2026-04-11 02:00:00,15544.3,8690.804156631992
2026-04-11 02:15:00,15875.9,9037.338881314967
2026-04-11 02:30:00,16082.3,9193.927416529794
2026-04-11 02:45:00,16003.4,9376.897110975267
2026-04-11 03:00:00,16032.8,9364.041545142944
2026-04-11 03:15:00,15767.7,9348.376357165733
2026-04-11 03:30:00,15896.3,9553.068848109753
2026-04-11 03:45:00,15873.4,9630.66084227461
2026-04-11 04:00:00,15566.9,9607.330812890887
2026-04-11 04:15:00,15441.4,9572.355181236337
2026-04-11 04:30:00,15033.1,9489.03384232128
2026-04-11 04:45:00,14692.9,9369.87129506063
2026-04-11 05:00:00,14464.5,9413.965689495879
2026-04-11 05:15:00,15332.8,9657.952032193962
2026-04-11 05:30:00,13695.8,9739.466908697415
2026-04-11 05:45:00,13453.7,10005.408869530045
2026-04-11 06:00:00,14764.5,10776.547316741098
2026-04-11 06:15:00,15848.5,11448.650248285276
2026-04-11 06:30:00,17004.4,12764.928502349792
2026-04-11 06:45:00,16878.1,12778.485284040666
2026-04-11 07:00:00,15878.9,12052.405348749346
2026-04-11 07:15:00,14764.2,11391.67009628418
2026-04-11 07:30:00,13351.0,10250.766537148025
2026-04-11 07:45:00,11572.1,9191.256048444528
2026-04-11 08:00:00,10826.1,7317.603592187557
2026-04-11 08:15:00,9870.2,6512.486379262602
2026-04-11 08:30:00,9564.6,5954.265503587869
2026-04-11 08:45:00,9877.5,6054.162959938847
2026-04-11 09:00:00,10155.6,5976.982404867389
2026-04-11 09:15:00,9980.0,5943.336245455086
2026-04-11 09:30:00,9717.0,5857.330795203265
2026-04-11 09:45:00,9863.6,5707.401187245479
2026-04-11 10:00:00,8645.9,4195.047902093194
2026-04-11 10:15:00,9193.7,4117.3155138094335
2026-04-11 10:30:00,9264.1,4076.953157655978
2026-04-11 10:45:00,9548.3,4076.0941656697737
2026-04-11 11:00:00,9667.1,4224.800222934093
2026-04-11 11:15:00,9980.0,4275.8952989533245
2026-04-11 11:30:00,10351.3,4559.902370153241
2026-04-11 11:45:00,10393.5,4727.3032549669515
2026-04-11 12:00:00,10964.7,4754.415229934109
2026-04-11 12:15:00,11012.9,4872.871197223594
2026-04-11 12:30:00,11042.6,4790.043412272727
2026-04-11 12:45:00,11135.6,4705.584722777319
2026-04-11 13:00:00,11068.9,4545.53497560227
2026-04-11 13:15:00,11148.1,4516.554316825639
2026-04-11 13:30:00,11357.9,4598.746317221809
2026-04-11 13:45:00,11625.3,4782.427286567588
2026-04-11 14:00:00,11911.1,5109.655443384248
2026-04-11 14:15:00,12262.6,5283.939899230167
2026-04-11 14:30:00,12589.9,5531.030501288138
2026-04-11 14:45:00,12801.2,5848.144697399439
2026-04-11 15:00:00,12519.4,6146.153294691127
2026-04-11 15:15:00,12682.9,6560.622045817265
2026-04-11 15:30:00,12328.3,6937.4595814264085
2026-04-11 15:45:00,12445.0,7066.294969551856
2026-04-11 16:00:00,12475.0,7968.271428039336
2026-04-11 16:15:00,12176.1,7531.702147452324
2026-04-11 16:30:00,11808.5,7317.559325359762
2026-04-11 16:45:00,12003.6,7087.601909410652
2026-04-11 17:00:00,12073.1,7129.630194092293
2026-04-11 17:15:00,12720.0,6961.741601820426
2026-04-11 17:30:00,13241.8,6974.255126553402
2026-04-11 17:45:00,14585.6,7194.8166966978315
2026-04-11 18:00:00,15723.0,7626.503708680912
2026-04-11 18:15:00,16565.0,8165.551182237321
2026-04-11 18:30:00,18010.4,8610.289329593492
2026-04-11 18:45:00,17866.3,9083.943520687975
2026-04-11 19:00:00,18030.6,8911.300438901204
2026-04-11 19:15:00,18357.3,8876.041209598827
2026-04-11 19:30:00,17868.0,8568.63946132543
2026-04-11 19:45:00,18029.1,8139.894676804943
2026-04-11 20:00:00,17912.7,7636.692545054046
2026-04-11 20:15:00,17263.7,7369.771229982594
2026-04-11 20:30:00,17234.2,7469.867892086588
2026-04-11 20:45:00,17434.4,7559.73910339521
2026-04-11 21:00:00,16175.2,7142.74217167409
2026-04-11 21:15:00,16033.7,7118.120249779069
2026-04-11 21:30:00,15549.4,6902.251993739592
2026-04-11 21:45:00,15607.6,6822.369696878222
2026-04-11 22:00:00,15540.5,6888.920799281526
2026-04-11 22:15:00,15498.2,6981.403014340789
2026-04-11 22:30:00,16184.8,7293.1843984103
2026-04-11 22:45:00,16703.7,7340.440374586968
2026-04-11 23:00:00,16205.4,7157.320567941582
2026-04-11 23:15:00,16002.6,7052.827043045125
2026-04-11 23:30:00,15633.6,6933.621109024129
2026-04-11 23:45:00,15609.1,6863.9640797617085
2026-04-12 00:00:00,17992.5,6866.561798051441
2026-04-12 00:15:00,17925.9,7098.875978192661
2026-04-12 00:30:00,17698.7,7416.192363867504
2026-04-12 00:45:00,17637.6,7711.843314005567
2026-04-12 01:00:00,17850.5,7654.1778570225315
2026-04-12 01:15:00,18009.2,7633.457904917416
2026-04-12 01:30:00,18077.1,7667.66995158296
2026-04-12 01:45:00,18010.4,7682.605915515062
2026-04-12 02:00:00,17643.0,7681.795176572418
2026-04-12 02:15:00,17883.8,8028.329901255393
2026-04-12 02:30:00,17761.6,8184.9184364702205
2026-04-12 02:45:00,17910.2,8367.888130915695
2026-04-12 03:00:00,17586.7,8355.032565083371
2026-04-12 03:15:00,17635.3,8339.36737710616
2026-04-12 03:30:00,17714.9,8544.05986805018
2026-04-12 03:45:00,17751.6,8621.651862215038
2026-04-12 04:00:00,17855.4,8598.321832831314
2026-04-12 04:15:00,17563.5,8563.346201176764
2026-04-12 04:30:00,17241.2,8480.024862261707
2026-04-12 04:45:00,16829.7,8360.862315001057
2026-04-12 05:00:00,15716.9,8404.956709436306
2026-04-12 05:15:00,16311.9,8648.94305213439
2026-04-12 05:30:00,14926.0,8730.457928637843
2026-04-12 05:45:00,14343.4,8996.399889470473
2026-04-12 06:00:00,14775.6,9767.538336681526
2026-04-12 06:15:00,15404.9,10439.641268225703
2026-04-12 06:30:00,16255.4,11755.91952229022
2026-04-12 06:45:00,15672.2,11769.476303981093
2026-04-12 07:00:00,14715.4,11043.396368689773
2026-04-12 07:15:00,13549.3,10382.661116224608
2026-04-12 07:30:00,13045.3,9241.757557088453
2026-04-12 07:45:00,11933.1,8182.247068384954
2026-04-12 08:00:00,11325.3,6308.594612127984
2026-04-12 08:15:00,10285.7,5503.477399203029
2026-04-12 08:30:00,9657.7,4945.2565235282955
2026-04-12 08:45:00,9707.0,5045.153979879274
2026-04-12 09:00:00,9793.6,4967.973424807816
2026-04-12 09:15:00,10195.3,4934.327265395513
2026-04-12 09:30:00,9781.9,4848.321815143691
2026-04-12 09:45:00,9881.3,4698.392207185906
2026-04-12 10:00:00,9053.7,3186.038922033621
2026-04-12 10:15:00,9806.2,3108.30653374986
2026-04-12 10:30:00,9995.0,3067.944177596405
2026-04-12 10:45:00,10331.3,3067.085185610201
2026-04-12 11:00:00,10079.0,3215.7912428745194
2026-04-12 11:15:00,10141.9,3266.886318893751
2026-04-12 11:30:00,10145.3,3550.893390093667
2026-04-12 11:45:00,10289.2,3718.294274907378
2026-04-12 12:00:00,10394.1,3745.406249874536
2026-04-12 12:15:00,10326.5,3863.862217164021
2026-04-12 12:30:00,10175.7,3781.034432213154
2026-04-12 12:45:00,10152.5,3696.575742717746
2026-04-12 13:00:00,9967.8,3536.5259955426964
2026-04-12 13:15:00,10099.2,3507.5453367660657
2026-04-12 13:30:00,10248.6,3589.7373371622352
2026-04-12 13:45:00,10373.3,3773.418306508015
2026-04-12 14:00:00,10800.7,4100.646463324675
2026-04-12 14:15:00,10761.3,4274.930919170593
2026-04-12 14:30:00,10770.5,4522.021521228565
2026-04-12 14:45:00,10924.2,4839.135717339866
2026-04-12 15:00:00,10528.4,5137.144314631553
2026-04-12 15:15:00,10683.3,5551.613065757691
2026-04-12 15:30:00,10403.4,5928.450601366835
2026-04-12 15:45:00,10144.9,6057.285989492283
2026-04-12 16:00:00,11505.0,6959.262447979762
2026-04-12 16:15:00,10967.6,6522.693167392751
2026-04-12 16:30:00,10272.1,6308.550345300188
2026-04-12 16:45:00,10120.0,6078.592929351079
2026-04-12 17:00:00,10145.9,6120.62121403272
2026-04-12 17:15:00,10748.9,5952.732621760852
2026-04-12 17:30:00,11458.4,5965.246146493829
2026-04-12 17:45:00,12662.4,6185.807716638258
2026-04-12 18:00:00,13648.8,6617.494728621338
2026-04-12 18:15:00,15108.0,7156.542202177748
2026-04-12 18:30:00,16223.0,7601.2803495339185
2026-04-12 18:45:00,17687.6,8074.934540628402
2026-04-12 19:00:00,17881.5,7902.291458841631
2026-04-12 19:15:00,18193.2,7867.032229539253
2026-04-12 19:30:00,17934.8,7559.630481265857
2026-04-12 19:45:00,17488.0,7130.885696745369
2026-04-12 20:00:00,18373.0,6627.683564994472
2026-04-12 20:15:00,18268.8,6360.762249923021
2026-04-12 20:30:00,17882.6,6460.858912027014
2026-04-12 20:45:00,18015.4,6550.730123335637
2026-04-12 21:00:00,17065.6,6133.733191614517
2026-04-12 21:15:00,17321.4,6109.111269719496
2026-04-12 21:30:00,17270.6,5893.2430136800185
2026-04-12 21:45:00,16971.1,5813.360716818649
2026-04-12 22:00:00,16427.9,5879.911819221953
2026-04-12 22:15:00,15664.6,5972.394034281216
2026-04-12 22:30:00,15873.1,6284.175418350726
2026-04-12 22:45:00,15930.0,6331.431394527394
2026-04-12 23:00:00,15355.8,6148.311587882009
2026-04-12 23:15:00,15145.9,6043.8180629855515
2026-04-12 23:30:00,15173.8,5924.612128964555
2026-04-12 23:45:00,15254.6,5854.955099702135
2026-04-13 00:00:00,18099.1,6622.780617147066
2026-04-13 00:15:00,17921.9,6855.094797288286
2026-04-13 00:30:00,18547.3,7172.411182963129
2026-04-13 00:45:00,18518.2,7468.062133101192
2026-04-13 01:00:00,17692.6,7410.396676118156
2026-04-13 01:15:00,17632.6,7389.676724013041
2026-04-13 01:30:00,17299.4,7423.8887706785845
2026-04-13 01:45:00,17223.7,7438.824734610687
2026-04-13 02:00:00,17402.8,7438.013995668043
2026-04-13 02:15:00,17621.7,7784.548720351018
2026-04-13 02:30:00,17199.5,7941.137255565845
2026-04-13 02:45:00,17279.8,8124.106950011319
2026-04-13 03:00:00,17054.1,8111.251384178995
2026-04-13 03:15:00,17070.7,8095.586196201784
2026-04-13 03:30:00,17228.1,8300.278687145805
2026-04-13 03:45:00,17381.1,8377.870681310662
2026-04-13 04:00:00,16825.2,8354.540651926938
2026-04-13 04:15:00,16472.9,8319.565020272388
2026-04-13 04:30:00,16452.1,8236.243681357331
2026-04-13 04:45:00,16291.9,8117.081134096681
2026-04-13 05:00:00,16349.1,8161.1755285319305
2026-04-13 05:15:00,17308.1,8405.161871230013
2026-04-13 05:30:00,15916.6,8486.676747733467
2026-04-13 05:45:00,15806.1,8752.618708566097
2026-04-13 06:00:00,17065.7,9523.75715577715
2026-04-13 06:15:00,18422.3,10195.860087321327
2026-04-13 06:30:00,18956.6,11512.138341385844
2026-04-13 06:45:00,18152.6,11525.695123076717
2026-04-13 07:00:00,17027.8,10799.615187785397
2026-04-13 07:15:00,15343.0,10138.879935320232
2026-04-13 07:30:00,13802.2,8997.976376184077
2026-04-13 07:45:00,12722.0,7938.465887480579
2026-04-13 08:00:00,12097.3,6064.813431223609
2026-04-13 08:15:00,11467.7,5259.696218298654
2026-04-13 08:30:00,11080.3,4701.47534262392
2026-04-13 08:45:00,11169.2,4801.372798974899
2026-04-13 09:00:00,11329.0,4724.192243903441
2026-04-13 09:15:00,11584.4,4690.546084491138
2026-04-13 09:30:00,11694.9,4604.540634239316
2026-04-13 09:45:00,11731.1,4454.611026281531
2026-04-13 10:00:00,10135.4,2942.2577411292455
2026-04-13 10:15:00,10281.9,2864.5253528454846
2026-04-13 10:30:00,10495.8,2824.1629966920295
2026-04-13 10:45:00,10708.8,2823.3040047058253
2026-04-13 11:00:00,11245.1,2972.010061970144
2026-04-13 11:15:00,11120.1,3023.1051379893756
2026-04-13 11:30:00,11005.0,3307.1122091892917
2026-04-13 11:45:00,10937.1,3474.5130940030026
2026-04-13 12:00:00,10813.2,3501.6250689701606
2026-04-13 12:15:00,10716.2,3620.0810362596453
2026-04-13 12:30:00,10573.6,3537.2532513087785
2026-04-13 12:45:00,10465.9,3452.7945618133704
2026-04-13 13:00:00,9932.1,3292.744814638321
2026-04-13 13:15:00,9958.5,3263.76415586169
2026-04-13 13:30:00,10194.8,3345.9561562578597
2026-04-13 13:45:00,10506.1,3529.6371256036396
2026-04-13 14:00:00,11043.0,3856.8652824202995
2026-04-13 14:15:00,11344.1,4031.149738266218
2026-04-13 14:30:00,11876.3,4278.24034032419
2026-04-13 14:45:00,12274.5,4595.35453643549
2026-04-13 15:00:00,12291.5,4893.363133727178
2026-04-13 15:15:00,12595.2,5307.831884853316
2026-04-13 15:30:00,13078.8,5684.66942046246
2026-04-13 15:45:00,13439.2,5813.504808587908
2026-04-13 16:00:00,14563.9,6715.481267075387
2026-04-13 16:15:00,14237.0,6278.911986488376
2026-04-13 16:30:00,14057.5,6064.769164395813
2026-04-13 16:45:00,13910.5,5834.811748446704
2026-04-13 17:00:00,13424.6,5876.840033128345
2026-04-13 17:15:00,13637.1,5708.951440856477
2026-04-13 17:30:00,14655.3,5721.464965589454
2026-04-13 17:45:00,15814.9,5942.026535733883
2026-04-13 18:00:00,17194.6,6373.713547716963
2026-04-13 18:15:00,17339.0,6912.7610212733725
2026-04-13 18:30:00,17980.7,7357.499168629543
2026-04-13 18:45:00,18663.2,7831.153359724027
2026-04-13 19:00:00,20648.5,7658.5102779372555
2026-04-13 19:15:00,21062.9,7623.251048634878
2026-04-13 19:30:00,20675.4,7315.849300361482
2026-04-13 19:45:00,20193.7,6887.104515840994
2026-04-13 20:00:00,19802.7,6383.902384090097
2026-04-13 20:15:00,19882.6,6116.981069018646
2026-04-13 20:30:00,19572.0,6217.077731122639
2026-04-13 20:45:00,19613.4,6306.9489424312615
2026-04-13 21:00:00,18282.0,5889.952010710142
2026-04-13 21:15:00,18486.8,5865.330088815121
2026-04-13 21:30:00,17781.8,5649.461832775643
2026-04-13 21:45:00,17796.7,5569.579535914274
2026-04-13 22:00:00,18141.4,5636.130638317578
2026-04-13 22:15:00,18411.8,5728.612853376841
2026-04-13 22:30:00,19321.3,6040.394237446351
2026-04-13 22:45:00,19892.6,6087.650213623019
2026-04-13 23:00:00,19582.2,5904.530406977634
2026-04-13 23:15:00,19430.0,5800.036882081176
2026-04-13 23:30:00,19240.8,5680.83094806018
2026-04-13 23:45:00,18916.5,5611.17391879776
2026-04-14 00:00:00,14096.6,5613.771637087492
2026-04-14 00:15:00,14342.3,5846.085817228713
2026-04-14 00:30:00,14583.4,6163.402202903556
2026-04-14 00:45:00,14790.7,6459.053153041618
2026-04-14 01:00:00,15399.1,6401.387696058583
2026-04-14 01:15:00,15308.2,6380.667743953468
2026-04-14 01:30:00,15042.3,6414.879790619011
2026-04-14 01:45:00,14893.9,6429.815754551114
2026-04-14 02:00:00,14728.9,6429.00501560847
2026-04-14 02:15:00,15042.4,6775.539740291445
2026-04-14 02:30:00,15006.7,6932.128275506272
2026-04-14 02:45:00,15076.2,7115.097969951746
2026-04-14 03:00:00,15018.9,7102.242404119422
2026-04-14 03:15:00,14635.4,7086.577216142211
2026-04-14 03:30:00,14802.7,7291.269707086231
2026-04-14 03:45:00,14817.5,7368.861701251089
2026-04-14 04:00:00,14134.4,7345.531671867365
2026-04-14 04:15:00,14532.2,7310.556040212815
2026-04-14 04:30:00,14933.3,7227.234701297758
2026-04-14 04:45:00,15164.7,7108.072154037108
2026-04-14 05:00:00,16254.2,7152.166548472357
2026-04-14 05:15:00,16581.3,7396.15289117044
2026-04-14 05:30:00,14912.3,7477.667767673894
2026-04-14 05:45:00,14619.5,7743.609728506523
2026-04-14 06:00:00,15169.9,8514.748175717577
2026-04-14 06:15:00,16207.5,9186.851107261755
2026-04-14 06:30:00,17122.3,10503.129361326271
2026-04-14 06:45:00,16650.9,10516.686143017145
2026-04-14 07:00:00,14752.2,9790.606207725825
2026-04-14 07:15:00,13191.1,9129.87095526066
2026-04-14 07:30:00,12170.5,7988.9673961245035
2026-04-14 07:45:00,11343.5,6929.456907421006
2026-04-14 08:00:00,11903.0,5055.8044511640355
2026-04-14 08:15:00,11541.2,4250.68723823908
2026-04-14 08:30:00,11305.7,3692.466362564347
2026-04-14 08:45:00,11226.7,3792.3638189153253
2026-04-14 09:00:00,11071.2,3715.1832638438673
2026-04-14 09:15:00,11149.5,3681.5371044315643
2026-04-14 09:30:00,11221.0,3595.531654179743
2026-04-14 09:45:00,11273.6,3445.6020462219576
2026-04-14 10:00:00,10085.5,1933.2487610696728
2026-04-14 10:15:00,10237.9,1855.516372785912
2026-04-14 10:30:00,10545.3,1815.154016632457
2026-04-14 10:45:00,10668.1,1814.2950246462526
2026-04-14 11:00:00,10952.1,1963.0010819105712
2026-04-14 11:15:00,10899.6,2014.096157929803
2026-04-14 11:30:00,10856.6,2298.103229129719
2026-04-14 11:45:00,10908.0,2465.5041139434297
2026-04-14 12:00:00,11069.0,2492.6160889105877
2026-04-14 12:15:00,11265.0,2611.0720562000724
2026-04-14 12:30:00,11111.6,2528.2442712492057
2026-04-14 12:45:00,10905.7,2443.7855817537975
2026-04-14 13:00:00,10333.7,2283.735834578748
2026-04-14 13:15:00,10465.6,2254.7551758021173
2026-04-14 13:30:00,10642.7,2336.947176198287
2026-04-14 13:45:00,11174.5,2520.6281455440667
2026-04-14 14:00:00,11382.5,2847.8563023607267
2026-04-14 14:15:00,11261.7,3022.140758206645
2026-04-14 14:30:00,11454.9,3269.2313602646163
2026-04-14 14:45:00,11584.8,3586.345556375917
2026-04-14 15:00:00,11033.6,3884.354153667605
2026-04-14 15:15:00,11485.8,4298.822904793743
2026-04-14 15:30:00,12014.3,4675.660440402887
2026-04-14 15:45:00,12711.3,4804.495828528335
2026-04-14 16:00:00,13798.7,5706.472287015814
2026-04-14 16:15:00,13362.4,5269.903006428803
2026-04-14 16:30:00,12836.4,5055.76018433624
2026-04-14 16:45:00,13218.2,4825.8027683871305
2026-04-14 17:00:00,12822.1,4867.831053068771
2026-04-14 17:15:00,12558.0,4699.942460796904
2026-04-14 17:30:00,12850.8,4712.45598552988
2026-04-14 17:45:00,13362.5,4933.01755567431
2026-04-14 18:00:00,14391.7,5364.70456765739
2026-04-14 18:15:00,14726.0,5903.752041213799
2026-04-14 18:30:00,15719.0,6348.49018856997
2026-04-14 18:45:00,16047.6,6822.1443796644535
2026-04-14 19:00:00,16521.9,6649.501297877682
2026-04-14 19:15:00,16595.7,6614.242068575305
2026-04-14 19:30:00,16507.5,6306.840320301909
2026-04-14 19:45:00,15936.3,5878.095535781421
2026-04-14 20:00:00,16667.5,5374.893404030524
2026-04-14 20:15:00,16584.6,5107.972088959073
2026-04-14 20:30:00,16427.3,5208.068751063066
2026-04-14 20:45:00,16516.0,5297.939962371688
2026-04-14 21:00:00,16068.5,4880.943030650568
2026-04-14 21:15:00,15932.1,4856.321108755547
2026-04-14 21:30:00,15425.3,4640.45285271607
2026-04-14 21:45:00,15619.0,4560.570555854701
2026-04-14 22:00:00,15303.4,4627.121658258005
2026-04-14 22:15:00,14566.0,4719.603873317267
2026-04-14 22:30:00,14627.0,5031.385257386778
2026-04-14 22:45:00,14805.9,5078.641233563446
2026-04-14 23:00:00,14706.3,4895.521426918061
2026-04-14 23:15:00,14851.2,4791.027902021603
2026-04-14 23:30:00,14767.1,4671.821968000607
2026-04-14 23:45:00,14862.9,4602.164938738187
