period_start,target,model,prediction,actual
2026-04-15 00:00:00,purchase_bid,hist_gbrt,16910.789154696802,14694.9
2026-04-15 00:15:00,purchase_bid,hist_gbrt,16238.078565937885,14799.1
2026-04-15 00:30:00,purchase_bid,hist_gbrt,16233.478522730948,14794.9
2026-04-15 00:45:00,purchase_bid,hist_gbrt,15954.676276878035,14702.3
2026-04-15 01:00:00,purchase_bid,hist_gbrt,15867.080361474524,15039.3
2026-04-15 01:15:00,purchase_bid,hist_gbrt,15904.659990457201,14866.0
2026-04-15 01:30:00,purchase_bid,hist_gbrt,15794.350785347127,14769.6
2026-04-15 01:45:00,purchase_bid,hist_gbrt,15468.70550730305,14707.0
2026-04-15 02:00:00,purchase_bid,hist_gbrt,14869.611646032916,14356.3
2026-04-15 02:15:00,purchase_bid,hist_gbrt,14620.617746807322,14559.6
2026-04-15 02:30:00,purchase_bid,hist_gbrt,14815.59805126756,14508.8
2026-04-15 02:45:00,purchase_bid,hist_gbrt,15058.352851624495,14852.6
2026-04-15 03:00:00,purchase_bid,hist_gbrt,15046.132818935615,14898.5
2026-04-15 03:15:00,purchase_bid,hist_gbrt,14975.374252857304,14877.2
2026-04-15 03:30:00,purchase_bid,hist_gbrt,15193.341365925831,15240.8
2026-04-15 03:45:00,purchase_bid,hist_gbrt,15348.402631326248,15412.1
2026-04-15 04:00:00,purchase_bid,hist_gbrt,15518.584031509405,15229.3
2026-04-15 04:15:00,purchase_bid,hist_gbrt,15275.485441262768,15222.4
2026-04-15 04:30:00,purchase_bid,hist_gbrt,15177.187225577281,14799.4
2026-04-15 04:45:00,purchase_bid,hist_gbrt,14948.069325054072,15193.1
2026-04-15 05:00:00,purchase_bid,hist_gbrt,15705.585759256606,15850.1
2026-04-15 05:15:00,purchase_bid,hist_gbrt,16423.240106519377,16100.6
2026-04-15 05:30:00,purchase_bid,hist_gbrt,15013.56020829252,14023.9
2026-04-15 05:45:00,purchase_bid,hist_gbrt,13468.762219234495,13966.4
2026-04-15 06:00:00,purchase_bid,hist_gbrt,14454.380742564012,14825.1
2026-04-15 06:15:00,purchase_bid,hist_gbrt,16338.015960853283,15870.4
2026-04-15 06:30:00,purchase_bid,hist_gbrt,17486.61777748896,16517.2
2026-04-15 06:45:00,purchase_bid,hist_gbrt,17118.384229441566,15727.6
2026-04-15 07:00:00,purchase_bid,hist_gbrt,15068.976802749774,14582.9
2026-04-15 07:15:00,purchase_bid,hist_gbrt,14293.889728345615,13688.9
2026-04-15 07:30:00,purchase_bid,hist_gbrt,13268.618304093547,12534.2
2026-04-15 07:45:00,purchase_bid,hist_gbrt,11989.163419242042,11889.1
2026-04-15 08:00:00,purchase_bid,hist_gbrt,11386.195600680838,12062.5
2026-04-15 08:15:00,purchase_bid,hist_gbrt,11578.901673690647,11343.3
2026-04-15 08:30:00,purchase_bid,hist_gbrt,11118.546571498944,11382.5
2026-04-15 08:45:00,purchase_bid,hist_gbrt,11303.26423377824,11518.0
2026-04-15 09:00:00,purchase_bid,hist_gbrt,11303.585267813938,11509.8
2026-04-15 09:15:00,purchase_bid,hist_gbrt,11433.666262747398,11826.1
2026-04-15 09:30:00,purchase_bid,hist_gbrt,11610.918302148164,11759.9
2026-04-15 09:45:00,purchase_bid,hist_gbrt,11586.80524353743,11648.7
2026-04-15 10:00:00,purchase_bid,hist_gbrt,10641.98893626843,10736.1
2026-04-15 10:15:00,purchase_bid,hist_gbrt,10734.336829831576,10753.8
2026-04-15 10:30:00,purchase_bid,hist_gbrt,10718.596762351164,10698.6
2026-04-15 10:45:00,purchase_bid,hist_gbrt,10774.350603645706,11117.0
2026-04-15 11:00:00,purchase_bid,hist_gbrt,11210.944681155024,11457.3
2026-04-15 11:15:00,purchase_bid,hist_gbrt,11552.044217497505,11705.4
2026-04-15 11:30:00,purchase_bid,hist_gbrt,11747.58430063248,11697.5
2026-04-15 11:45:00,purchase_bid,hist_gbrt,11747.58430063248,11801.5
2026-04-15 12:00:00,purchase_bid,hist_gbrt,11668.593167246772,11846.5
2026-04-15 12:15:00,purchase_bid,hist_gbrt,11782.120298088894,11889.8
2026-04-15 12:30:00,purchase_bid,hist_gbrt,11816.229025762907,11814.2
2026-04-15 12:45:00,purchase_bid,hist_gbrt,11755.402101386931,11644.0
2026-04-15 13:00:00,purchase_bid,hist_gbrt,11579.011423813832,11099.5
2026-04-15 13:15:00,purchase_bid,hist_gbrt,11056.745997342483,11169.6
2026-04-15 13:30:00,purchase_bid,hist_gbrt,11160.653916614303,11542.6
2026-04-15 13:45:00,purchase_bid,hist_gbrt,11578.25288868705,11827.8
2026-04-15 14:00:00,purchase_bid,hist_gbrt,12255.12556943305,12368.2
2026-04-15 14:15:00,purchase_bid,hist_gbrt,12617.636927685724,12657.7
2026-04-15 14:30:00,purchase_bid,hist_gbrt,12798.30877792694,13291.2
2026-04-15 14:45:00,purchase_bid,hist_gbrt,13461.688844195662,13771.3
2026-04-15 15:00:00,purchase_bid,hist_gbrt,14118.123382345282,13940.4
2026-04-15 15:15:00,purchase_bid,hist_gbrt,14207.486041920265,14054.0
2026-04-15 15:30:00,purchase_bid,hist_gbrt,14312.788683911622,14508.6
2026-04-15 15:45:00,purchase_bid,hist_gbrt,14820.295644635782,14584.6
2026-04-15 16:00:00,purchase_bid,hist_gbrt,15229.870867337842,14544.2
2026-04-15 16:15:00,purchase_bid,hist_gbrt,14156.704818108205,14019.4
2026-04-15 16:30:00,purchase_bid,hist_gbrt,14042.637551547452,14001.5
2026-04-15 16:45:00,purchase_bid,hist_gbrt,14030.69938310749,14275.8
2026-04-15 17:00:00,purchase_bid,hist_gbrt,13554.856546430898,13090.5
2026-04-15 17:15:00,purchase_bid,hist_gbrt,13189.871406013988,12788.8
2026-04-15 17:30:00,purchase_bid,hist_gbrt,12917.233284323824,12640.7
2026-04-15 17:45:00,purchase_bid,hist_gbrt,12955.318553550424,12869.0
2026-04-15 18:00:00,purchase_bid,hist_gbrt,12965.1326025214,12435.1
2026-04-15 18:15:00,purchase_bid,hist_gbrt,13097.981421212755,13391.0
2026-04-15 18:30:00,purchase_bid,hist_gbrt,14768.122498719464,15567.9
2026-04-15 18:45:00,purchase_bid,hist_gbrt,16638.040402568986,16880.3
2026-04-15 19:00:00,purchase_bid,hist_gbrt,17779.45784825589,17762.2
2026-04-15 19:15:00,purchase_bid,hist_gbrt,18259.68513118483,18055.6
2026-04-15 19:30:00,purchase_bid,hist_gbrt,18552.70697972321,17697.7
2026-04-15 19:45:00,purchase_bid,hist_gbrt,18174.118039277644,17624.2
2026-04-15 20:00:00,purchase_bid,hist_gbrt,17925.816908465993,17157.4
2026-04-15 20:15:00,purchase_bid,hist_gbrt,17491.16818554446,17207.3
2026-04-15 20:30:00,purchase_bid,hist_gbrt,17485.460616935357,17115.1
2026-04-15 20:45:00,purchase_bid,hist_gbrt,17481.469828245816,17286.3
2026-04-15 21:00:00,purchase_bid,hist_gbrt,17324.7766722731,16946.2
2026-04-15 21:15:00,purchase_bid,hist_gbrt,17331.37640356104,16785.5
2026-04-15 21:30:00,purchase_bid,hist_gbrt,16960.50457483089,16937.5
2026-04-15 21:45:00,purchase_bid,hist_gbrt,17430.373467640642,17279.5
2026-04-15 22:00:00,purchase_bid,hist_gbrt,17982.67504151926,17977.9
2026-04-15 22:15:00,purchase_bid,hist_gbrt,18604.671149558493,17641.7
2026-04-15 22:30:00,purchase_bid,hist_gbrt,18537.874960064724,19369.4
2026-04-15 22:45:00,purchase_bid,hist_gbrt,19675.045688053513,18766.0
2026-04-15 23:00:00,purchase_bid,hist_gbrt,19078.4625617999,17328.5
2026-04-15 23:15:00,purchase_bid,hist_gbrt,17934.93735596028,17320.1
2026-04-15 23:30:00,purchase_bid,hist_gbrt,17753.818331901333,17165.7
2026-04-15 23:45:00,purchase_bid,hist_gbrt,17543.46916407062,17341.7
2026-04-16 00:00:00,purchase_bid,hist_gbrt,18193.68555763997,16466.8
2026-04-16 00:15:00,purchase_bid,hist_gbrt,18148.12928657574,16522.0
2026-04-16 00:30:00,purchase_bid,hist_gbrt,18094.182344317327,16360.2
2026-04-16 00:45:00,purchase_bid,hist_gbrt,18126.571744346533,16375.8
2026-04-16 01:00:00,purchase_bid,hist_gbrt,17535.91584930508,15934.9
2026-04-16 01:15:00,purchase_bid,hist_gbrt,17571.160882663455,15771.2
2026-04-16 01:30:00,purchase_bid,hist_gbrt,17115.823721623645,15225.5
2026-04-16 01:45:00,purchase_bid,hist_gbrt,16307.46869944748,15155.7
2026-04-16 02:00:00,purchase_bid,hist_gbrt,16006.522219404245,14995.6
2026-04-16 02:15:00,purchase_bid,hist_gbrt,16170.238858384993,15653.8
2026-04-16 02:30:00,purchase_bid,hist_gbrt,16562.59552997793,16199.7
2026-04-16 02:45:00,purchase_bid,hist_gbrt,17040.227119142157,16193.0
2026-04-16 03:00:00,purchase_bid,hist_gbrt,17116.902053132573,15810.9
2026-04-16 03:15:00,purchase_bid,hist_gbrt,16800.22296400175,15997.5
2026-04-16 03:30:00,purchase_bid,hist_gbrt,17236.44727521469,16054.4
2026-04-16 03:45:00,purchase_bid,hist_gbrt,17173.15499186964,16223.3
2026-04-16 04:00:00,purchase_bid,hist_gbrt,17116.68638071504,16492.8
2026-04-16 04:15:00,purchase_bid,hist_gbrt,16971.75210520977,16566.9
2026-04-16 04:30:00,purchase_bid,hist_gbrt,16986.227056593634,16044.5
2026-04-16 04:45:00,purchase_bid,hist_gbrt,17149.762016666606,15653.3
2026-04-16 05:00:00,purchase_bid,hist_gbrt,15817.85305217134,15398.3
2026-04-16 05:15:00,purchase_bid,hist_gbrt,15921.726012662037,15690.1
2026-04-16 05:30:00,purchase_bid,hist_gbrt,16018.77361775051,16017.2
2026-04-16 05:45:00,purchase_bid,hist_gbrt,16775.214696013314,17182.4
2026-04-16 06:00:00,purchase_bid,hist_gbrt,17474.160842425157,18325.6
2026-04-16 06:15:00,purchase_bid,hist_gbrt,19089.331258193775,19302.2
2026-04-16 06:30:00,purchase_bid,hist_gbrt,20014.875054694927,20238.5
2026-04-16 06:45:00,purchase_bid,hist_gbrt,20065.238528815065,18810.5
2026-04-16 07:00:00,purchase_bid,hist_gbrt,17889.621251359673,17095.7
2026-04-16 07:15:00,purchase_bid,hist_gbrt,16245.42379137511,15670.9
2026-04-16 07:30:00,purchase_bid,hist_gbrt,15002.826754036496,14121.0
2026-04-16 07:45:00,purchase_bid,hist_gbrt,13511.76665651577,12739.1
2026-04-16 08:00:00,purchase_bid,hist_gbrt,12247.75647951988,11958.2
2026-04-16 08:15:00,purchase_bid,hist_gbrt,11400.521656309755,11910.9
2026-04-16 08:30:00,purchase_bid,hist_gbrt,11315.14992997064,11949.8
2026-04-16 08:45:00,purchase_bid,hist_gbrt,11460.928023549182,12219.0
2026-04-16 09:00:00,purchase_bid,hist_gbrt,11988.831964757612,12333.2
2026-04-16 09:15:00,purchase_bid,hist_gbrt,12131.660185868132,12306.6
2026-04-16 09:30:00,purchase_bid,hist_gbrt,12156.610727720741,12196.9
2026-04-16 09:45:00,purchase_bid,hist_gbrt,12072.87891109923,12219.5
2026-04-16 10:00:00,purchase_bid,hist_gbrt,11203.577159494727,11185.0
2026-04-16 10:15:00,purchase_bid,hist_gbrt,11135.461624837593,11025.4
2026-04-16 10:30:00,purchase_bid,hist_gbrt,11112.361590129354,11236.2
2026-04-16 10:45:00,purchase_bid,hist_gbrt,11149.509425673688,11284.5
2026-04-16 11:00:00,purchase_bid,hist_gbrt,11220.861657879725,11434.3
2026-04-16 11:15:00,purchase_bid,hist_gbrt,11561.961194222205,11506.4
2026-04-16 11:30:00,purchase_bid,hist_gbrt,11540.531503182043,11567.9
2026-04-16 11:45:00,purchase_bid,hist_gbrt,11540.531503182043,11650.5
2026-04-16 12:00:00,purchase_bid,hist_gbrt,11627.660030733066,11348.1
2026-04-16 12:15:00,purchase_bid,hist_gbrt,11583.476074102813,11238.3
2026-04-16 12:30:00,purchase_bid,hist_gbrt,11220.861657879725,11082.6
2026-04-16 12:45:00,purchase_bid,hist_gbrt,11193.094946883179,10814.6
2026-04-16 13:00:00,purchase_bid,hist_gbrt,10735.293703249163,10359.5
2026-04-16 13:15:00,purchase_bid,hist_gbrt,10521.565078190699,10310.5
2026-04-16 13:30:00,purchase_bid,hist_gbrt,10617.29398305678,10396.9
2026-04-16 13:45:00,purchase_bid,hist_gbrt,10672.838193739886,10625.3
2026-04-16 14:00:00,purchase_bid,hist_gbrt,11439.693740289338,11091.3
2026-04-16 14:15:00,purchase_bid,hist_gbrt,11444.810538740674,11426.4
2026-04-16 14:30:00,purchase_bid,hist_gbrt,11801.934011986219,12382.8
2026-04-16 14:45:00,purchase_bid,hist_gbrt,12686.901754140921,13039.6
2026-04-16 15:00:00,purchase_bid,hist_gbrt,13236.214112779291,13879.2
2026-04-16 15:15:00,purchase_bid,hist_gbrt,14217.058184071775,14491.2
2026-04-16 15:30:00,purchase_bid,hist_gbrt,14789.86217592936,15481.9
2026-04-16 15:45:00,purchase_bid,hist_gbrt,15793.897811436165,15482.2
2026-04-16 16:00:00,purchase_bid,hist_gbrt,16060.857258151978,15698.8
2026-04-16 16:15:00,purchase_bid,hist_gbrt,15537.929263208702,15195.2
2026-04-16 16:30:00,purchase_bid,hist_gbrt,15053.193097570613,15102.2
2026-04-16 16:45:00,purchase_bid,hist_gbrt,15166.430080348782,15363.7
2026-04-16 17:00:00,purchase_bid,hist_gbrt,15032.60199088231,14188.1
2026-04-16 17:15:00,purchase_bid,hist_gbrt,14341.537367518848,14452.7
2026-04-16 17:30:00,purchase_bid,hist_gbrt,14561.581282650486,14151.0
2026-04-16 17:45:00,purchase_bid,hist_gbrt,14388.364551676095,14370.1
2026-04-16 18:00:00,purchase_bid,hist_gbrt,14450.296185372903,13690.6
2026-04-16 18:15:00,purchase_bid,hist_gbrt,14482.381512805381,16049.0
2026-04-16 18:30:00,purchase_bid,hist_gbrt,18618.680123245664,19639.0
2026-04-16 18:45:00,purchase_bid,hist_gbrt,21024.67225986193,19710.4
2026-04-16 19:00:00,purchase_bid,hist_gbrt,21001.046050880333,22008.5
2026-04-16 19:15:00,purchase_bid,hist_gbrt,23327.919778377003,22576.3
2026-04-16 19:30:00,purchase_bid,hist_gbrt,23321.074543050316,21952.3
2026-04-16 19:45:00,purchase_bid,hist_gbrt,22671.099606207816,20622.1
2026-04-16 20:00:00,purchase_bid,hist_gbrt,20594.802904508793,18410.4
2026-04-16 20:15:00,purchase_bid,hist_gbrt,18684.275507301638,16834.3
2026-04-16 20:30:00,purchase_bid,hist_gbrt,17318.30519203591,16965.3
2026-04-16 20:45:00,purchase_bid,hist_gbrt,17315.456452621995,17220.0
2026-04-16 21:00:00,purchase_bid,hist_gbrt,17665.808604649163,17953.5
2026-04-16 21:15:00,purchase_bid,hist_gbrt,18716.183031458455,18503.6
2026-04-16 21:30:00,purchase_bid,hist_gbrt,19015.953648217437,19872.5
2026-04-16 21:45:00,purchase_bid,hist_gbrt,19978.778765931533,20073.7
2026-04-16 22:00:00,purchase_bid,hist_gbrt,20247.724182699905,22336.4
2026-04-16 22:15:00,purchase_bid,hist_gbrt,22633.74414098345,23169.6
2026-04-16 22:30:00,purchase_bid,hist_gbrt,23855.61015949982,23812.7
2026-04-16 22:45:00,purchase_bid,hist_gbrt,23824.23910588815,24279.1
2026-04-16 23:00:00,purchase_bid,hist_gbrt,23547.872053694213,22686.7
2026-04-16 23:15:00,purchase_bid,hist_gbrt,22612.621765954555,21722.9
2026-04-16 23:30:00,purchase_bid,hist_gbrt,21534.871016608315,20771.1
2026-04-16 23:45:00,purchase_bid,hist_gbrt,20708.49573536305,20556.6
2026-04-17 00:00:00,purchase_bid,hist_gbrt,22289.89166803052,26255.5
2026-04-17 00:15:00,purchase_bid,hist_gbrt,28093.236329889343,25892.1
2026-04-17 00:30:00,purchase_bid,hist_gbrt,26727.711258816333,25288.1
2026-04-17 00:45:00,purchase_bid,hist_gbrt,26027.19274046095,24202.7
2026-04-17 01:00:00,purchase_bid,hist_gbrt,24253.5481913752,22501.4
2026-04-17 01:15:00,purchase_bid,hist_gbrt,23516.17424051403,22231.6
2026-04-17 01:30:00,purchase_bid,hist_gbrt,21829.33608526969,17012.9
2026-04-17 01:45:00,purchase_bid,hist_gbrt,18190.81933438904,17009.3
2026-04-17 02:00:00,purchase_bid,hist_gbrt,18132.401679961607,16915.9
2026-04-17 02:15:00,purchase_bid,hist_gbrt,18217.771048525585,17423.4
2026-04-17 02:30:00,purchase_bid,hist_gbrt,18426.118646990708,17787.0
2026-04-17 02:45:00,purchase_bid,hist_gbrt,18874.035883286164,18050.1
2026-04-17 03:00:00,purchase_bid,hist_gbrt,18894.702084420103,16817.6
2026-04-17 03:15:00,purchase_bid,hist_gbrt,17996.437190824643,16685.0
2026-04-17 03:30:00,purchase_bid,hist_gbrt,17874.3594653331,16903.9
2026-04-17 03:45:00,purchase_bid,hist_gbrt,18080.923516586594,17270.6
2026-04-17 04:00:00,purchase_bid,hist_gbrt,18268.74376847641,17353.2
2026-04-17 04:15:00,purchase_bid,hist_gbrt,18325.874758382542,17709.9
2026-04-17 04:30:00,purchase_bid,hist_gbrt,18670.930363454805,17397.2
2026-04-17 04:45:00,purchase_bid,hist_gbrt,18477.654478845347,17648.6
2026-04-17 05:00:00,purchase_bid,hist_gbrt,18673.16404847582,16693.5
2026-04-17 05:15:00,purchase_bid,hist_gbrt,17962.70260154373,16496.6
2026-04-17 05:30:00,purchase_bid,hist_gbrt,17444.636906097556,16828.4
2026-04-17 05:45:00,purchase_bid,hist_gbrt,17952.580249012328,17635.3
2026-04-17 06:00:00,purchase_bid,hist_gbrt,19237.212090235967,18915.4
2026-04-17 06:15:00,purchase_bid,hist_gbrt,20632.345725376137,20007.2
2026-04-17 06:30:00,purchase_bid,hist_gbrt,21336.35187950583,20774.6
2026-04-17 06:45:00,purchase_bid,hist_gbrt,21706.713333534797,19474.2
2026-04-17 07:00:00,purchase_bid,hist_gbrt,19603.38273394673,19025.9
2026-04-17 07:15:00,purchase_bid,hist_gbrt,19263.029915010306,17898.9
2026-04-17 07:30:00,purchase_bid,hist_gbrt,17493.40514376835,16189.9
2026-04-17 07:45:00,purchase_bid,hist_gbrt,16417.39572331617,15145.8
2026-04-17 08:00:00,purchase_bid,hist_gbrt,14945.955347196008,14334.7
2026-04-17 08:15:00,purchase_bid,hist_gbrt,13553.234975901536,13419.7
2026-04-17 08:30:00,purchase_bid,hist_gbrt,13267.962649200066,13358.3
2026-04-17 08:45:00,purchase_bid,hist_gbrt,13198.663694586709,13538.1
2026-04-17 09:00:00,purchase_bid,hist_gbrt,13004.277365204896,12036.6
2026-04-17 09:15:00,purchase_bid,hist_gbrt,11855.799912065919,11917.0
2026-04-17 09:30:00,purchase_bid,hist_gbrt,11533.094836043134,11656.5
2026-04-17 09:45:00,purchase_bid,hist_gbrt,11451.445058544254,11450.0
2026-04-17 10:00:00,purchase_bid,hist_gbrt,10675.729503071767,10472.1
2026-04-17 10:15:00,purchase_bid,hist_gbrt,10634.374275434471,10489.4
2026-04-17 10:30:00,purchase_bid,hist_gbrt,10705.36634967966,10585.7
2026-04-17 10:45:00,purchase_bid,hist_gbrt,10817.468395561185,10922.7
2026-04-17 11:00:00,purchase_bid,hist_gbrt,11110.378071292016,10978.0
2026-04-17 11:15:00,purchase_bid,hist_gbrt,11257.538757885308,11014.1
2026-04-17 11:30:00,purchase_bid,hist_gbrt,11208.622118381558,11118.4
2026-04-17 11:45:00,purchase_bid,hist_gbrt,11164.622281743517,11062.5
2026-04-17 12:00:00,purchase_bid,hist_gbrt,11105.899441793448,10996.0
2026-04-17 12:15:00,purchase_bid,hist_gbrt,11358.401095334993,10986.6
2026-04-17 12:30:00,purchase_bid,hist_gbrt,11369.026855542925,10884.0
2026-04-17 12:45:00,purchase_bid,hist_gbrt,11120.79628363705,10944.5
2026-04-17 13:00:00,purchase_bid,hist_gbrt,10885.708241150984,10523.7
2026-04-17 13:15:00,purchase_bid,hist_gbrt,10593.770115530146,10619.0
2026-04-17 13:30:00,purchase_bid,hist_gbrt,10866.48910342154,10800.7
2026-04-17 13:45:00,purchase_bid,hist_gbrt,11042.30993130078,11114.7
2026-04-17 14:00:00,purchase_bid,hist_gbrt,11958.854875830193,11777.0
2026-04-17 14:15:00,purchase_bid,hist_gbrt,12101.106796084348,12292.8
2026-04-17 14:30:00,purchase_bid,hist_gbrt,12879.283969215789,13204.9
2026-04-17 14:45:00,purchase_bid,hist_gbrt,13652.417696069804,13811.6
2026-04-17 15:00:00,purchase_bid,hist_gbrt,14309.050882594995,14968.8
2026-04-17 15:15:00,purchase_bid,hist_gbrt,15416.117841914378,14802.0
2026-04-17 15:30:00,purchase_bid,hist_gbrt,15405.150614510412,15660.2
2026-04-17 15:45:00,purchase_bid,hist_gbrt,16045.953470721917,15672.1
2026-04-17 16:00:00,purchase_bid,hist_gbrt,16603.500721088552,16655.1
2026-04-17 16:15:00,purchase_bid,hist_gbrt,16793.09021898979,16517.7
2026-04-17 16:30:00,purchase_bid,hist_gbrt,16224.360123838798,15818.9
2026-04-17 16:45:00,purchase_bid,hist_gbrt,16284.568782606653,16073.7
2026-04-17 17:00:00,purchase_bid,hist_gbrt,15540.64089217394,15170.8
2026-04-17 17:15:00,purchase_bid,hist_gbrt,15581.535504512623,15285.8
2026-04-17 17:30:00,purchase_bid,hist_gbrt,15465.42775178655,14928.5
2026-04-17 17:45:00,purchase_bid,hist_gbrt,15620.54061431648,15329.0
2026-04-17 18:00:00,purchase_bid,hist_gbrt,16459.422833375895,14861.5
2026-04-17 18:15:00,purchase_bid,hist_gbrt,17276.834481897626,17405.5
2026-04-17 18:30:00,purchase_bid,hist_gbrt,19315.085795889816,21043.9
2026-04-17 18:45:00,purchase_bid,hist_gbrt,22325.70676190487,21575.2
2026-04-17 19:00:00,purchase_bid,hist_gbrt,24605.462400165252,26619.6
2026-04-17 19:15:00,purchase_bid,hist_gbrt,30294.135410869683,26996.9
2026-04-17 19:30:00,purchase_bid,hist_gbrt,29377.93846632664,27529.9
2026-04-17 19:45:00,purchase_bid,hist_gbrt,29107.07126644972,27759.2
2026-04-17 20:00:00,purchase_bid,hist_gbrt,28663.244628636552,27679.4
2026-04-17 20:15:00,purchase_bid,hist_gbrt,28663.244628636552,27650.8
2026-04-17 20:30:00,purchase_bid,hist_gbrt,28325.574242838087,27788.6
2026-04-17 20:45:00,purchase_bid,hist_gbrt,28163.35216696385,27719.4
2026-04-17 21:00:00,purchase_bid,hist_gbrt,28163.35216696385,31540.1
2026-04-17 21:15:00,purchase_bid,hist_gbrt,28894.965558430922,31462.5
2026-04-17 21:30:00,purchase_bid,hist_gbrt,28894.965558430922,31003.0
2026-04-17 21:45:00,purchase_bid,hist_gbrt,28894.965558430922,30835.7
2026-04-17 22:00:00,purchase_bid,hist_gbrt,29089.21410518815,31001.3
2026-04-17 22:15:00,purchase_bid,hist_gbrt,29452.749695429484,32046.4
2026-04-17 22:30:00,purchase_bid,hist_gbrt,29538.883692739808,34658.7
2026-04-17 22:45:00,purchase_bid,hist_gbrt,29525.898687474793,36002.1
2026-04-17 23:00:00,purchase_bid,hist_gbrt,29426.38773574489,35311.6
2026-04-17 23:15:00,purchase_bid,hist_gbrt,28817.098649258056,33964.3
2026-04-17 23:30:00,purchase_bid,hist_gbrt,28772.445220655463,31572.0
2026-04-17 23:45:00,purchase_bid,hist_gbrt,28759.068266235885,30955.0
2026-04-18 00:00:00,purchase_bid,hist_gbrt,30228.051408569365,31295.9
2026-04-18 00:15:00,purchase_bid,hist_gbrt,30429.691027583867,29759.6
2026-04-18 00:30:00,purchase_bid,hist_gbrt,30599.100120333682,28649.0
2026-04-18 00:45:00,purchase_bid,hist_gbrt,29574.81937632114,27848.4
2026-04-18 01:00:00,purchase_bid,hist_gbrt,29588.196330740717,26422.3
2026-04-18 01:15:00,purchase_bid,hist_gbrt,28451.05830664881,25555.0
2026-04-18 01:30:00,purchase_bid,hist_gbrt,23707.648529247475,19218.7
2026-04-18 01:45:00,purchase_bid,hist_gbrt,20076.29566740335,18801.1
2026-04-18 02:00:00,purchase_bid,hist_gbrt,19325.02189887805,19114.1
2026-04-18 02:15:00,purchase_bid,hist_gbrt,20014.3410483178,19558.9
2026-04-18 02:30:00,purchase_bid,hist_gbrt,20415.9800068987,19474.9
2026-04-18 02:45:00,purchase_bid,hist_gbrt,20454.893885604386,19408.6
2026-04-18 03:00:00,purchase_bid,hist_gbrt,20304.688853622265,18544.2
2026-04-18 03:15:00,purchase_bid,hist_gbrt,19125.96923391593,18578.8
2026-04-18 03:30:00,purchase_bid,hist_gbrt,19125.96923391593,18653.1
2026-04-18 03:45:00,purchase_bid,hist_gbrt,19397.789571600333,18753.3
2026-04-18 04:00:00,purchase_bid,hist_gbrt,19481.79790682187,19072.1
2026-04-18 04:15:00,purchase_bid,hist_gbrt,20055.19491508093,19249.4
2026-04-18 04:30:00,purchase_bid,hist_gbrt,20155.750187113572,19255.5
2026-04-18 04:45:00,purchase_bid,hist_gbrt,20230.981243885242,19484.0
2026-04-18 05:00:00,purchase_bid,hist_gbrt,20186.29592194211,19196.5
2026-04-18 05:15:00,purchase_bid,hist_gbrt,20287.303300789725,18763.8
2026-04-18 05:30:00,purchase_bid,hist_gbrt,19191.60760319919,19093.6
2026-04-18 05:45:00,purchase_bid,hist_gbrt,20134.58779779775,19705.0
2026-04-18 06:00:00,purchase_bid,hist_gbrt,20884.3425740066,21289.3
2026-04-18 06:15:00,purchase_bid,hist_gbrt,22856.532048984023,21871.9
2026-04-18 06:30:00,purchase_bid,hist_gbrt,23167.30780923162,22170.1
2026-04-18 06:45:00,purchase_bid,hist_gbrt,22447.711467752604,20831.1
2026-04-18 07:00:00,purchase_bid,hist_gbrt,21325.19631140277,20504.8
2026-04-18 07:15:00,purchase_bid,hist_gbrt,20650.04082332594,19313.8
2026-04-18 07:30:00,purchase_bid,hist_gbrt,18908.55764420509,17029.6
2026-04-18 07:45:00,purchase_bid,hist_gbrt,16757.80322429755,15931.8
2026-04-18 08:00:00,purchase_bid,hist_gbrt,15947.541948414078,15250.9
2026-04-18 08:15:00,purchase_bid,hist_gbrt,14847.064650338052,14589.3
2026-04-18 08:30:00,purchase_bid,hist_gbrt,14522.327029985636,14839.9
2026-04-18 08:45:00,purchase_bid,hist_gbrt,14688.791331160282,15219.0
2026-04-18 09:00:00,purchase_bid,hist_gbrt,14452.459976588716,13861.5
2026-04-18 09:15:00,purchase_bid,hist_gbrt,13612.222644263013,13879.0
2026-04-18 09:30:00,purchase_bid,hist_gbrt,13657.975927966872,14183.8
2026-04-18 09:45:00,purchase_bid,hist_gbrt,14030.582199177015,14251.5
2026-04-18 10:00:00,purchase_bid,hist_gbrt,13584.495472389199,12635.7
2026-04-18 10:15:00,purchase_bid,hist_gbrt,12593.777058026475,12709.5
2026-04-18 10:30:00,purchase_bid,hist_gbrt,12715.568400513197,12626.9
2026-04-18 10:45:00,purchase_bid,hist_gbrt,12634.823381034721,12623.9
2026-04-18 11:00:00,purchase_bid,hist_gbrt,12750.939378405363,12845.8
2026-04-18 11:15:00,purchase_bid,hist_gbrt,12915.844633888268,12726.8
2026-04-18 11:30:00,purchase_bid,hist_gbrt,12826.420313245,12643.7
2026-04-18 11:45:00,purchase_bid,hist_gbrt,12558.931890378348,12658.3
2026-04-18 12:00:00,purchase_bid,hist_gbrt,12430.699879706977,12711.7
2026-04-18 12:15:00,purchase_bid,hist_gbrt,12808.46423333871,12589.8
2026-04-18 12:30:00,purchase_bid,hist_gbrt,12734.632763415859,12803.2
2026-04-18 12:45:00,purchase_bid,hist_gbrt,12936.145431112105,12771.8
2026-04-18 13:00:00,purchase_bid,hist_gbrt,12710.46085647144,12871.6
2026-04-18 13:15:00,purchase_bid,hist_gbrt,12727.495200392157,13015.8
2026-04-18 13:30:00,purchase_bid,hist_gbrt,12891.475237565593,13322.6
2026-04-18 13:45:00,purchase_bid,hist_gbrt,13213.461578482678,13572.7
2026-04-18 14:00:00,purchase_bid,hist_gbrt,14759.502037278655,14665.1
2026-04-18 14:15:00,purchase_bid,hist_gbrt,14618.79639555066,15059.9
2026-04-18 14:30:00,purchase_bid,hist_gbrt,15010.27176444071,15415.1
2026-04-18 14:45:00,purchase_bid,hist_gbrt,15527.10023556743,15657.9
2026-04-18 15:00:00,purchase_bid,hist_gbrt,15657.806744525193,16114.9
2026-04-18 15:15:00,purchase_bid,hist_gbrt,15967.992663414405,16163.6
2026-04-18 15:30:00,purchase_bid,hist_gbrt,16568.51697675508,16706.1
2026-04-18 15:45:00,purchase_bid,hist_gbrt,16843.144057861944,17145.5
2026-04-18 16:00:00,purchase_bid,hist_gbrt,17496.81824304892,18053.6
2026-04-18 16:15:00,purchase_bid,hist_gbrt,18400.72522658623,17764.6
2026-04-18 16:30:00,purchase_bid,hist_gbrt,17963.936593093797,17206.8
2026-04-18 16:45:00,purchase_bid,hist_gbrt,17505.610236255154,17727.4
2026-04-18 17:00:00,purchase_bid,hist_gbrt,17785.84079343189,16237.8
2026-04-18 17:15:00,purchase_bid,hist_gbrt,17475.286133090387,16771.1
2026-04-18 17:30:00,purchase_bid,hist_gbrt,17404.05510907054,16218.1
2026-04-18 17:45:00,purchase_bid,hist_gbrt,17426.00318434697,16529.3
2026-04-18 18:00:00,purchase_bid,hist_gbrt,17449.5569613309,16437.1
2026-04-18 18:15:00,purchase_bid,hist_gbrt,18007.03591300269,19046.3
2026-04-18 18:30:00,purchase_bid,hist_gbrt,21505.35335501454,24082.6
2026-04-18 18:45:00,purchase_bid,hist_gbrt,24881.1673844263,25693.9
2026-04-18 19:00:00,purchase_bid,hist_gbrt,29496.42028628623,28275.8
2026-04-18 19:15:00,purchase_bid,hist_gbrt,31391.718986332267,28769.7
2026-04-18 19:30:00,purchase_bid,hist_gbrt,30518.32696019782,29103.1
2026-04-18 19:45:00,purchase_bid,hist_gbrt,30193.995304297165,28681.3
2026-04-18 20:00:00,purchase_bid,hist_gbrt,29934.270119506647,28955.9
2026-04-18 20:15:00,purchase_bid,hist_gbrt,29868.554677453245,28884.1
2026-04-18 20:30:00,purchase_bid,hist_gbrt,29067.18453467266,30224.5
2026-04-18 20:45:00,purchase_bid,hist_gbrt,29568.92262946208,30556.0
2026-04-18 21:00:00,purchase_bid,hist_gbrt,29889.430404526232,35759.6
2026-04-18 21:15:00,purchase_bid,hist_gbrt,29889.430404526232,36184.1
2026-04-18 21:30:00,purchase_bid,hist_gbrt,29889.430404526232,35639.0
2026-04-18 21:45:00,purchase_bid,hist_gbrt,29889.430404526232,35426.3
2026-04-18 22:00:00,purchase_bid,hist_gbrt,29837.941891092658,36037.7
2026-04-18 22:15:00,purchase_bid,hist_gbrt,29837.941891092658,36847.3
2026-04-18 22:30:00,purchase_bid,hist_gbrt,29911.992789679567,39625.1
2026-04-18 22:45:00,purchase_bid,hist_gbrt,29837.941891092658,42259.0
2026-04-18 23:00:00,purchase_bid,hist_gbrt,29837.941891092658,41692.6
2026-04-18 23:15:00,purchase_bid,hist_gbrt,29806.701523530377,41886.5
2026-04-18 23:30:00,purchase_bid,hist_gbrt,29748.671140508206,41132.5
2026-04-18 23:45:00,purchase_bid,hist_gbrt,29748.671140508206,40946.6
2026-04-19 00:00:00,purchase_bid,hist_gbrt,30496.387076296483,27125.9
2026-04-19 00:15:00,purchase_bid,hist_gbrt,30063.78180181646,26967.4
2026-04-19 00:30:00,purchase_bid,hist_gbrt,27737.42030644743,25044.0
2026-04-19 00:45:00,purchase_bid,hist_gbrt,27132.266766331,23781.9
2026-04-19 01:00:00,purchase_bid,hist_gbrt,25133.566970066968,22854.1
2026-04-19 01:15:00,purchase_bid,hist_gbrt,24680.000955753272,21701.6
2026-04-19 01:30:00,purchase_bid,hist_gbrt,21428.474297870016,19641.8
2026-04-19 01:45:00,purchase_bid,hist_gbrt,20473.644334430788,19127.5
2026-04-19 02:00:00,purchase_bid,hist_gbrt,19916.942641883903,17445.7
2026-04-19 02:15:00,purchase_bid,hist_gbrt,18213.046629703804,17776.1
2026-04-19 02:30:00,purchase_bid,hist_gbrt,18504.75058133373,17132.5
2026-04-19 02:45:00,purchase_bid,hist_gbrt,17895.23808016896,17196.7
2026-04-19 03:00:00,purchase_bid,hist_gbrt,17825.56041463073,17079.6
2026-04-19 03:15:00,purchase_bid,hist_gbrt,17883.888510724937,17201.7
2026-04-19 03:30:00,purchase_bid,hist_gbrt,17825.56041463073,17040.6
2026-04-19 03:45:00,purchase_bid,hist_gbrt,17710.084037888097,17094.6
2026-04-19 04:00:00,purchase_bid,hist_gbrt,17883.888510724937,17125.6
2026-04-19 04:15:00,purchase_bid,hist_gbrt,17827.246505819094,17242.9
2026-04-19 04:30:00,purchase_bid,hist_gbrt,18075.003962061088,17262.1
2026-04-19 04:45:00,purchase_bid,hist_gbrt,18238.28896625332,17396.1
2026-04-19 05:00:00,purchase_bid,hist_gbrt,17799.535023009874,17035.9
2026-04-19 05:15:00,purchase_bid,hist_gbrt,17780.768078407935,16898.6
2026-04-19 05:30:00,purchase_bid,hist_gbrt,17492.128125178002,17333.4
2026-04-19 05:45:00,purchase_bid,hist_gbrt,18251.374426167476,17775.7
2026-04-19 06:00:00,purchase_bid,hist_gbrt,18933.485530414102,18111.8
2026-04-19 06:15:00,purchase_bid,hist_gbrt,19572.71646001285,18495.7
2026-04-19 06:30:00,purchase_bid,hist_gbrt,19114.420358474054,18357.3
2026-04-19 06:45:00,purchase_bid,hist_gbrt,18721.60851390593,17757.6
2026-04-19 07:00:00,purchase_bid,hist_gbrt,17822.158702722118,16972.1
2026-04-19 07:15:00,purchase_bid,hist_gbrt,17066.90779014161,16097.7
2026-04-19 07:30:00,purchase_bid,hist_gbrt,15944.439627104168,14954.9
2026-04-19 07:45:00,purchase_bid,hist_gbrt,14810.301830601804,14066.2
2026-04-19 08:00:00,purchase_bid,hist_gbrt,13588.429645006947,13310.1
2026-04-19 08:15:00,purchase_bid,hist_gbrt,12505.533218757122,12501.9
2026-04-19 08:30:00,purchase_bid,hist_gbrt,11936.724703659524,12468.6
2026-04-19 08:45:00,purchase_bid,hist_gbrt,12077.901073902513,12041.8
2026-04-19 09:00:00,purchase_bid,hist_gbrt,11549.75759116477,11694.1
2026-04-19 09:15:00,purchase_bid,hist_gbrt,11286.232214314055,11606.8
2026-04-19 09:30:00,purchase_bid,hist_gbrt,11300.247484184008,11723.7
2026-04-19 09:45:00,purchase_bid,hist_gbrt,11336.113830556755,11774.3
2026-04-19 10:00:00,purchase_bid,hist_gbrt,10725.770312654646,10087.1
2026-04-19 10:15:00,purchase_bid,hist_gbrt,10193.222777503843,9932.4
2026-04-19 10:30:00,purchase_bid,hist_gbrt,9910.061812182927,10211.4
2026-04-19 10:45:00,purchase_bid,hist_gbrt,10129.65125144192,10195.8
2026-04-19 11:00:00,purchase_bid,hist_gbrt,10333.484742145598,10427.7
2026-04-19 11:15:00,purchase_bid,hist_gbrt,10542.602891280587,10466.5
2026-04-19 11:30:00,purchase_bid,hist_gbrt,10466.178461275967,10595.4
2026-04-19 11:45:00,purchase_bid,hist_gbrt,10579.830544409286,10643.7
2026-04-19 12:00:00,purchase_bid,hist_gbrt,10418.455203749432,10369.9
2026-04-19 12:15:00,purchase_bid,hist_gbrt,10464.206536358615,10513.3
2026-04-19 12:30:00,purchase_bid,hist_gbrt,10563.564241672308,10482.4
2026-04-19 12:45:00,purchase_bid,hist_gbrt,10460.130104486721,10451.8
2026-04-19 13:00:00,purchase_bid,hist_gbrt,10409.555690685693,10293.8
2026-04-19 13:15:00,purchase_bid,hist_gbrt,10196.5105350797,10337.0
2026-04-19 13:30:00,purchase_bid,hist_gbrt,10452.101598956258,10537.0
2026-04-19 13:45:00,purchase_bid,hist_gbrt,10765.163951691036,10691.8
2026-04-19 14:00:00,purchase_bid,hist_gbrt,11186.832777096388,10859.1
2026-04-19 14:15:00,purchase_bid,hist_gbrt,11121.130469603853,10836.8
2026-04-19 14:30:00,purchase_bid,hist_gbrt,11012.270719771346,10854.2
2026-04-19 14:45:00,purchase_bid,hist_gbrt,11148.222558425598,10784.3
2026-04-19 15:00:00,purchase_bid,hist_gbrt,11125.038760213454,10947.7
2026-04-19 15:15:00,purchase_bid,hist_gbrt,11356.262504434228,11478.8
2026-04-19 15:30:00,purchase_bid,hist_gbrt,11819.79816265078,12101.0
2026-04-19 15:45:00,purchase_bid,hist_gbrt,12466.305679827257,12567.2
2026-04-19 16:00:00,purchase_bid,hist_gbrt,13634.392426561528,13715.2
2026-04-19 16:15:00,purchase_bid,hist_gbrt,14039.594063415483,13826.4
2026-04-19 16:30:00,purchase_bid,hist_gbrt,13795.950199968938,13672.4
2026-04-19 16:45:00,purchase_bid,hist_gbrt,13730.296981880707,13484.8
2026-04-19 17:00:00,purchase_bid,hist_gbrt,13660.622850060354,12588.7
2026-04-19 17:15:00,purchase_bid,hist_gbrt,12921.507326137154,12420.9
2026-04-19 17:30:00,purchase_bid,hist_gbrt,12763.364359458765,12047.9
2026-04-19 17:45:00,purchase_bid,hist_gbrt,12806.678146633354,12428.5
2026-04-19 18:00:00,purchase_bid,hist_gbrt,13098.877260257874,12446.2
2026-04-19 18:15:00,purchase_bid,hist_gbrt,13410.996894517568,13996.8
2026-04-19 18:30:00,purchase_bid,hist_gbrt,15341.427791185291,15065.2
2026-04-19 18:45:00,purchase_bid,hist_gbrt,16504.092623075278,16329.3
2026-04-19 19:00:00,purchase_bid,hist_gbrt,17708.87580759675,17355.0
2026-04-19 19:15:00,purchase_bid,hist_gbrt,18223.7922692982,17414.1
2026-04-19 19:30:00,purchase_bid,hist_gbrt,18080.424362065005,17505.6
2026-04-19 19:45:00,purchase_bid,hist_gbrt,18145.84653860857,17639.9
2026-04-19 20:00:00,purchase_bid,hist_gbrt,18291.555376591765,17212.3
2026-04-19 20:15:00,purchase_bid,hist_gbrt,17324.518322234384,16959.3
2026-04-19 20:30:00,purchase_bid,hist_gbrt,17375.240440369635,16954.4
2026-04-19 20:45:00,purchase_bid,hist_gbrt,17463.485999075816,17738.3
2026-04-19 21:00:00,purchase_bid,hist_gbrt,18549.370444328586,18204.8
2026-04-19 21:15:00,purchase_bid,hist_gbrt,18872.74413720916,18559.8
2026-04-19 21:30:00,purchase_bid,hist_gbrt,19436.502222947554,19758.1
2026-04-19 21:45:00,purchase_bid,hist_gbrt,20361.58733169509,20075.9
2026-04-19 22:00:00,purchase_bid,hist_gbrt,21350.76473992287,22302.5
2026-04-19 22:15:00,purchase_bid,hist_gbrt,24383.6570745125,22977.8
2026-04-19 22:30:00,purchase_bid,hist_gbrt,24921.62051758574,24662.4
2026-04-19 22:45:00,purchase_bid,hist_gbrt,25376.945743625918,24077.3
2026-04-19 23:00:00,purchase_bid,hist_gbrt,24781.02064088435,23209.2
2026-04-19 23:15:00,purchase_bid,hist_gbrt,24731.789606750663,23315.8
2026-04-19 23:30:00,purchase_bid,hist_gbrt,24651.655034683936,22797.0
2026-04-19 23:45:00,purchase_bid,hist_gbrt,24284.87469757981,22248.6
2026-04-20 00:00:00,purchase_bid,hist_gbrt,24509.122852524095,31504.0
2026-04-20 00:15:00,purchase_bid,hist_gbrt,30787.54046696409,30846.0
2026-04-20 00:30:00,purchase_bid,hist_gbrt,31728.501757182166,29979.6
2026-04-20 00:45:00,purchase_bid,hist_gbrt,31539.595417337237,29328.1
2026-04-20 01:00:00,purchase_bid,hist_gbrt,30661.991790016677,28716.0
2026-04-20 01:15:00,purchase_bid,hist_gbrt,29699.898293943148,28198.0
2026-04-20 01:30:00,purchase_bid,hist_gbrt,27417.031091871126,22589.4
2026-04-20 01:45:00,purchase_bid,hist_gbrt,23184.409141637978,21081.6
2026-04-20 02:00:00,purchase_bid,hist_gbrt,21908.605195836277,20935.2
2026-04-20 02:15:00,purchase_bid,hist_gbrt,21925.446038021848,20464.9
2026-04-20 02:30:00,purchase_bid,hist_gbrt,21762.693550717926,18785.7
2026-04-20 02:45:00,purchase_bid,hist_gbrt,19722.327500371455,18855.5
2026-04-20 03:00:00,purchase_bid,hist_gbrt,19962.01932811628,18759.7
2026-04-20 03:15:00,purchase_bid,hist_gbrt,19662.293447626216,18940.0
2026-04-20 03:30:00,purchase_bid,hist_gbrt,19935.167635070404,19214.1
2026-04-20 03:45:00,purchase_bid,hist_gbrt,20438.421004449076,19215.1
2026-04-20 04:00:00,purchase_bid,hist_gbrt,20438.421004449076,19314.6
2026-04-20 04:15:00,purchase_bid,hist_gbrt,20593.027148088353,19274.2
2026-04-20 04:30:00,purchase_bid,hist_gbrt,20436.607003659537,19403.9
2026-04-20 04:45:00,purchase_bid,hist_gbrt,20623.99430871041,19699.6
2026-04-20 05:00:00,purchase_bid,hist_gbrt,21252.19552544176,20172.6
2026-04-20 05:15:00,purchase_bid,hist_gbrt,21997.694533073973,20956.5
2026-04-20 05:30:00,purchase_bid,hist_gbrt,22247.447355172473,21653.3
2026-04-20 05:45:00,purchase_bid,hist_gbrt,23329.408862592223,22807.4
2026-04-20 06:00:00,purchase_bid,hist_gbrt,24347.18881047721,24234.8
2026-04-20 06:15:00,purchase_bid,hist_gbrt,25750.30859698114,24879.8
2026-04-20 06:30:00,purchase_bid,hist_gbrt,25483.543615722392,24250.1
2026-04-20 06:45:00,purchase_bid,hist_gbrt,23851.701988274024,22815.3
2026-04-20 07:00:00,purchase_bid,hist_gbrt,22986.769596107653,20658.5
2026-04-20 07:15:00,purchase_bid,hist_gbrt,21245.92977294417,19627.9
2026-04-20 07:30:00,purchase_bid,hist_gbrt,19111.11424789496,17542.4
2026-04-20 07:45:00,purchase_bid,hist_gbrt,17426.76850296541,16545.2
2026-04-20 08:00:00,purchase_bid,hist_gbrt,16045.114409630114,15410.1
2026-04-20 08:15:00,purchase_bid,hist_gbrt,14962.287782970508,14707.0
2026-04-20 08:30:00,purchase_bid,hist_gbrt,14349.827086132598,14481.9
2026-04-20 08:45:00,purchase_bid,hist_gbrt,14521.351082888283,14612.8
2026-04-20 09:00:00,purchase_bid,hist_gbrt,14017.76513173811,13834.8
2026-04-20 09:15:00,purchase_bid,hist_gbrt,13381.011046325924,13703.8
2026-04-20 09:30:00,purchase_bid,hist_gbrt,13437.265717836306,13765.6
2026-04-20 09:45:00,purchase_bid,hist_gbrt,13655.085559172194,13709.1
2026-04-20 10:00:00,purchase_bid,hist_gbrt,12593.032120391761,12302.6
2026-04-20 10:15:00,purchase_bid,hist_gbrt,12281.411993817268,12696.1
2026-04-20 10:30:00,purchase_bid,hist_gbrt,12657.575444948588,12749.1
2026-04-20 10:45:00,purchase_bid,hist_gbrt,12865.498632376499,12972.1
2026-04-20 11:00:00,purchase_bid,hist_gbrt,12955.098158665702,12938.3
2026-04-20 11:15:00,purchase_bid,hist_gbrt,12934.136808273981,12987.9
2026-04-20 11:30:00,purchase_bid,hist_gbrt,12819.91046068405,13108.7
2026-04-20 11:45:00,purchase_bid,hist_gbrt,13272.15772635709,13137.0
2026-04-20 12:00:00,purchase_bid,hist_gbrt,12885.140593950247,12994.4
2026-04-20 12:15:00,purchase_bid,hist_gbrt,13101.322900165009,13165.1
2026-04-20 12:30:00,purchase_bid,hist_gbrt,13431.496596798175,13139.7
2026-04-20 12:45:00,purchase_bid,hist_gbrt,13424.051746428953,13301.4
2026-04-20 13:00:00,purchase_bid,hist_gbrt,13116.016083805844,13168.4
2026-04-20 13:15:00,purchase_bid,hist_gbrt,13254.151991257453,13292.1
2026-04-20 13:30:00,purchase_bid,hist_gbrt,13336.110335409809,13528.9
2026-04-20 13:45:00,purchase_bid,hist_gbrt,13974.587116105684,13616.4
2026-04-20 14:00:00,purchase_bid,hist_gbrt,14875.759102653568,14559.0
2026-04-20 14:15:00,purchase_bid,hist_gbrt,14678.545243334345,14893.8
2026-04-20 14:30:00,purchase_bid,hist_gbrt,14970.56384347256,15324.9
2026-04-20 14:45:00,purchase_bid,hist_gbrt,15260.44186943206,15816.7
2026-04-20 15:00:00,purchase_bid,hist_gbrt,15501.923666044762,15728.5
2026-04-20 15:15:00,purchase_bid,hist_gbrt,16283.785716372364,16609.4
2026-04-20 15:30:00,purchase_bid,hist_gbrt,16894.14288748183,17215.6
2026-04-20 15:45:00,purchase_bid,hist_gbrt,17407.53687935956,17516.9
2026-04-20 16:00:00,purchase_bid,hist_gbrt,18405.820341027043,18804.1
2026-04-20 16:15:00,purchase_bid,hist_gbrt,18703.752480245832,18407.4
2026-04-20 16:30:00,purchase_bid,hist_gbrt,18819.944873528177,18513.4
2026-04-20 16:45:00,purchase_bid,hist_gbrt,18534.24091049908,18189.5
2026-04-20 17:00:00,purchase_bid,hist_gbrt,18113.554975286737,17288.7
2026-04-20 17:15:00,purchase_bid,hist_gbrt,17750.82838113476,17559.8
2026-04-20 17:30:00,purchase_bid,hist_gbrt,18053.043724677253,17659.8
2026-04-20 17:45:00,purchase_bid,hist_gbrt,18841.096231831394,18369.6
2026-04-20 18:00:00,purchase_bid,hist_gbrt,19339.89416638429,18572.8
2026-04-20 18:15:00,purchase_bid,hist_gbrt,19799.0579445871,22535.7
2026-04-20 18:30:00,purchase_bid,hist_gbrt,24071.111949347596,24712.0
2026-04-20 18:45:00,purchase_bid,hist_gbrt,26123.97256604336,27031.3
2026-04-20 19:00:00,purchase_bid,hist_gbrt,30840.508777355775,32582.3
2026-04-20 19:15:00,purchase_bid,hist_gbrt,31427.728468324593,33553.4
2026-04-20 19:30:00,purchase_bid,hist_gbrt,31429.330515298767,33863.4
2026-04-20 19:45:00,purchase_bid,hist_gbrt,30919.84853317885,34483.8
2026-04-20 20:00:00,purchase_bid,hist_gbrt,30798.19704411367,32611.0
2026-04-20 20:15:00,purchase_bid,hist_gbrt,30798.19704411367,31871.3
2026-04-20 20:30:00,purchase_bid,hist_gbrt,30527.163741404464,32153.5
2026-04-20 20:45:00,purchase_bid,hist_gbrt,30301.753617375452,33412.8
2026-04-20 21:00:00,purchase_bid,hist_gbrt,29668.711342890834,39031.9
2026-04-20 21:15:00,purchase_bid,hist_gbrt,29728.370654736613,39029.6
2026-04-20 21:30:00,purchase_bid,hist_gbrt,28979.43957485662,38757.3
2026-04-20 21:45:00,purchase_bid,hist_gbrt,28979.43957485662,39056.0
2026-04-20 22:00:00,purchase_bid,hist_gbrt,29636.653544511897,42675.4
2026-04-20 22:15:00,purchase_bid,hist_gbrt,30385.58462439189,46435.8
2026-04-20 22:30:00,purchase_bid,hist_gbrt,31018.09180084766,50292.4
2026-04-20 22:45:00,purchase_bid,hist_gbrt,30848.10920789961,51637.7
2026-04-20 23:00:00,purchase_bid,hist_gbrt,30848.10920789961,51730.6
2026-04-20 23:15:00,purchase_bid,hist_gbrt,30780.23227571237,51938.4
2026-04-20 23:30:00,purchase_bid,hist_gbrt,30722.2018926902,50660.3
2026-04-20 23:45:00,purchase_bid,hist_gbrt,30520.139641658097,50319.6
2026-04-21 00:00:00,purchase_bid,hist_gbrt,30467.062261707593,35399.7
2026-04-21 00:15:00,purchase_bid,hist_gbrt,30723.964103086422,34754.1
2026-04-21 00:30:00,purchase_bid,hist_gbrt,30910.955824615008,33976.1
2026-04-21 00:45:00,purchase_bid,hist_gbrt,30745.226668036987,32442.1
2026-04-21 01:00:00,purchase_bid,hist_gbrt,30438.261043017566,29490.0
2026-04-21 01:15:00,purchase_bid,hist_gbrt,30557.24351644963,29288.8
2026-04-21 01:30:00,purchase_bid,hist_gbrt,28595.19291329156,23051.9
2026-04-21 01:45:00,purchase_bid,hist_gbrt,23651.349326873144,22546.3
2026-04-21 02:00:00,purchase_bid,hist_gbrt,22531.893105537234,20844.1
2026-04-21 02:15:00,purchase_bid,hist_gbrt,21504.156649957866,20312.2
2026-04-21 02:30:00,purchase_bid,hist_gbrt,21138.248547564406,19654.4
2026-04-21 02:45:00,purchase_bid,hist_gbrt,20309.02210968208,18771.3
2026-04-21 03:00:00,purchase_bid,hist_gbrt,19376.793621735716,17672.6
2026-04-21 03:15:00,purchase_bid,hist_gbrt,18447.83932262455,17785.8
2026-04-21 03:30:00,purchase_bid,hist_gbrt,18582.98594563773,17887.0
2026-04-21 03:45:00,purchase_bid,hist_gbrt,18570.956665635327,17670.5
2026-04-21 04:00:00,purchase_bid,hist_gbrt,18309.095575675547,17833.7
2026-04-21 04:15:00,purchase_bid,hist_gbrt,18572.64275682369,17887.6
2026-04-21 04:30:00,purchase_bid,hist_gbrt,18609.707689444276,17959.6
2026-04-21 04:45:00,purchase_bid,hist_gbrt,19054.332424789685,18370.9
2026-04-21 05:00:00,purchase_bid,hist_gbrt,19128.216464987952,17250.0
2026-04-21 05:15:00,purchase_bid,hist_gbrt,18432.32342361094,17828.0
2026-04-21 05:30:00,purchase_bid,hist_gbrt,18793.96785583041,18473.3
2026-04-21 05:45:00,purchase_bid,hist_gbrt,19262.50111103289,18889.6
2026-04-21 06:00:00,purchase_bid,hist_gbrt,20682.162803971856,20024.5
2026-04-21 06:15:00,purchase_bid,hist_gbrt,21420.088455866433,20694.4
2026-04-21 06:30:00,purchase_bid,hist_gbrt,21786.113684798514,20508.7
2026-04-21 06:45:00,purchase_bid,hist_gbrt,21614.867025146446,19708.4
2026-04-21 07:00:00,purchase_bid,hist_gbrt,19579.83591751803,18073.8
2026-04-21 07:15:00,purchase_bid,hist_gbrt,18513.934303437865,17238.8
2026-04-21 07:30:00,purchase_bid,hist_gbrt,17063.944789685895,15913.9
2026-04-21 07:45:00,purchase_bid,hist_gbrt,16179.610920901734,15043.1
2026-04-21 08:00:00,purchase_bid,hist_gbrt,14511.509635419723,13986.4
2026-04-21 08:15:00,purchase_bid,hist_gbrt,13667.857962044754,13499.3
2026-04-21 08:30:00,purchase_bid,hist_gbrt,13563.125228851022,13417.0
2026-04-21 08:45:00,purchase_bid,hist_gbrt,13403.401784373544,13408.0
2026-04-21 09:00:00,purchase_bid,hist_gbrt,12894.290690901062,12951.4
2026-04-21 09:15:00,purchase_bid,hist_gbrt,12687.077575622348,13082.0
2026-04-21 09:30:00,purchase_bid,hist_gbrt,12978.910607378388,13060.1
2026-04-21 09:45:00,purchase_bid,hist_gbrt,12874.801507451999,12901.8
2026-04-21 10:00:00,purchase_bid,hist_gbrt,11733.902281779161,11308.5
2026-04-21 10:15:00,purchase_bid,hist_gbrt,10985.441329867135,11143.8
2026-04-21 10:30:00,purchase_bid,hist_gbrt,11012.439852039286,11307.2
2026-04-21 10:45:00,purchase_bid,hist_gbrt,10963.714097485301,11438.2
2026-04-21 11:00:00,purchase_bid,hist_gbrt,11492.487122044127,11562.0
2026-04-21 11:15:00,purchase_bid,hist_gbrt,11471.525771652407,11722.2
2026-04-21 11:30:00,purchase_bid,hist_gbrt,11587.919285086482,12064.6
2026-04-21 11:45:00,purchase_bid,hist_gbrt,11963.19579691138,12168.3
2026-04-21 12:00:00,purchase_bid,hist_gbrt,12043.064022940312,12593.4
2026-04-21 12:15:00,purchase_bid,hist_gbrt,12437.394449822405,12603.8
2026-04-21 12:30:00,purchase_bid,hist_gbrt,12458.355800214125,12498.5
2026-04-21 12:45:00,purchase_bid,hist_gbrt,12378.247265293263,12484.6
2026-04-21 13:00:00,purchase_bid,hist_gbrt,12100.607126189881,12569.6
2026-04-21 13:15:00,purchase_bid,hist_gbrt,12315.057071869094,12788.0
2026-04-21 13:30:00,purchase_bid,hist_gbrt,12778.301735458876,13222.3
2026-04-21 13:45:00,purchase_bid,hist_gbrt,13295.223820376445,13486.0
2026-04-21 14:00:00,purchase_bid,hist_gbrt,14533.246421432508,14330.3
2026-04-21 14:15:00,purchase_bid,hist_gbrt,14773.196523797049,14883.6
2026-04-21 14:30:00,purchase_bid,hist_gbrt,15104.47663282787,15560.1
2026-04-21 14:45:00,purchase_bid,hist_gbrt,15505.738417455004,15417.2
2026-04-21 15:00:00,purchase_bid,hist_gbrt,15454.216043473161,15413.1
2026-04-21 15:15:00,purchase_bid,hist_gbrt,15566.720005734522,15814.0
2026-04-21 15:30:00,purchase_bid,hist_gbrt,15669.91133824633,16277.3
2026-04-21 15:45:00,purchase_bid,hist_gbrt,16910.741155978885,16950.1
2026-04-21 16:00:00,purchase_bid,hist_gbrt,17722.272244349606,18224.6
2026-04-21 16:15:00,purchase_bid,hist_gbrt,18654.280071412104,17782.6
2026-04-21 16:30:00,purchase_bid,hist_gbrt,18391.983656131262,17395.0
2026-04-21 16:45:00,purchase_bid,hist_gbrt,18071.34108830581,17435.9
2026-04-21 17:00:00,purchase_bid,hist_gbrt,17505.190721632724,15934.4
2026-04-21 17:15:00,purchase_bid,hist_gbrt,17467.922641289857,16564.3
2026-04-21 17:30:00,purchase_bid,hist_gbrt,17316.09145538551,16476.9
2026-04-21 17:45:00,purchase_bid,hist_gbrt,17361.04321022914,16288.5
2026-04-21 18:00:00,purchase_bid,hist_gbrt,17630.80131846691,15602.4
2026-04-21 18:15:00,purchase_bid,hist_gbrt,17434.482060751754,20662.4
2026-04-21 18:30:00,purchase_bid,hist_gbrt,24066.994846520414,23481.6
2026-04-21 18:45:00,purchase_bid,hist_gbrt,26395.21925273503,25270.2
2026-04-21 19:00:00,purchase_bid,hist_gbrt,28937.821249882876,27889.9
2026-04-21 19:15:00,purchase_bid,hist_gbrt,31026.11128364482,29380.6
2026-04-21 19:30:00,purchase_bid,hist_gbrt,31596.006190782806,29728.1
2026-04-21 19:45:00,purchase_bid,hist_gbrt,31140.308122357546,30083.2
2026-04-21 20:00:00,purchase_bid,hist_gbrt,30914.37844724353,30928.0
2026-04-21 20:15:00,purchase_bid,hist_gbrt,30914.37844724353,31342.9
2026-04-21 20:30:00,purchase_bid,hist_gbrt,30225.81509153924,31762.4
2026-04-21 20:45:00,purchase_bid,hist_gbrt,30076.060057257848,32667.7
2026-04-21 21:00:00,purchase_bid,hist_gbrt,30076.060057257848,37027.3
2026-04-21 21:15:00,purchase_bid,hist_gbrt,30076.060057257848,37438.6
2026-04-21 21:30:00,purchase_bid,hist_gbrt,30076.060057257848,37027.2
2026-04-21 21:45:00,purchase_bid,hist_gbrt,30076.060057257848,37171.4
2026-04-21 22:00:00,purchase_bid,hist_gbrt,30078.763339558023,39113.7
2026-04-21 22:15:00,purchase_bid,hist_gbrt,30024.64633397911,40648.1
2026-04-21 22:30:00,purchase_bid,hist_gbrt,30024.64633397911,41664.6
2026-04-21 22:45:00,purchase_bid,hist_gbrt,30024.64633397911,43050.0
2026-04-21 23:00:00,purchase_bid,hist_gbrt,30024.64633397911,45429.2
2026-04-21 23:15:00,purchase_bid,hist_gbrt,29985.01385915478,45725.9
2026-04-21 23:30:00,purchase_bid,hist_gbrt,29926.98347613261,44030.5
2026-04-21 23:45:00,purchase_bid,hist_gbrt,29926.98347613261,41731.0
2026-04-15 00:00:00,sell_bid,hist_gbrt,4588.425334407766,3566.3
2026-04-15 00:15:00,sell_bid,hist_gbrt,4542.817047201329,3711.6
2026-04-15 00:30:00,sell_bid,hist_gbrt,4787.070119793345,3884.6
2026-04-15 00:45:00,sell_bid,hist_gbrt,5017.124916361879,4022.2
2026-04-15 01:00:00,sell_bid,hist_gbrt,5024.2106208201885,4852.5
2026-04-15 01:15:00,sell_bid,hist_gbrt,5279.115795698532,4891.3
2026-04-15 01:30:00,sell_bid,hist_gbrt,5332.069939682248,5077.7
2026-04-15 01:45:00,sell_bid,hist_gbrt,5405.225758816687,5173.3
2026-04-15 02:00:00,sell_bid,hist_gbrt,5689.983313600969,6160.6
2026-04-15 02:15:00,sell_bid,hist_gbrt,6744.355451382268,6368.1
2026-04-15 02:30:00,sell_bid,hist_gbrt,7095.2590900495425,7470.7
2026-04-15 02:45:00,sell_bid,hist_gbrt,7891.286211476404,7868.7
2026-04-15 03:00:00,sell_bid,hist_gbrt,8510.487326582703,8438.3
2026-04-15 03:15:00,sell_bid,hist_gbrt,9016.790988342913,8708.1
2026-04-15 03:30:00,sell_bid,hist_gbrt,9014.402739487026,8940.7
2026-04-15 03:45:00,sell_bid,hist_gbrt,9062.86185041385,9086.1
2026-04-15 04:00:00,sell_bid,hist_gbrt,9251.902207225792,9462.0
2026-04-15 04:15:00,sell_bid,hist_gbrt,9213.99370907445,9212.8
2026-04-15 04:30:00,sell_bid,hist_gbrt,9266.81860096687,9067.7
2026-04-15 04:45:00,sell_bid,hist_gbrt,9154.348627700801,8535.3
2026-04-15 05:00:00,sell_bid,hist_gbrt,8618.436526377987,9003.2
2026-04-15 05:15:00,sell_bid,hist_gbrt,8237.226727614216,8279.1
2026-04-15 05:30:00,sell_bid,hist_gbrt,7564.628234011501,7990.1
2026-04-15 05:45:00,sell_bid,hist_gbrt,7781.447992533334,7626.3
2026-04-15 06:00:00,sell_bid,hist_gbrt,7821.610478881742,7763.2
2026-04-15 06:15:00,sell_bid,hist_gbrt,7774.886102126833,7183.5
2026-04-15 06:30:00,sell_bid,hist_gbrt,7361.619586290749,7018.9
2026-04-15 06:45:00,sell_bid,hist_gbrt,7698.806071552904,7426.9
2026-04-15 07:00:00,sell_bid,hist_gbrt,9083.020995130752,10634.5
2026-04-15 07:15:00,sell_bid,hist_gbrt,12832.342621749856,12873.0
2026-04-15 07:30:00,sell_bid,hist_gbrt,15561.18778614966,15934.5
2026-04-15 07:45:00,sell_bid,hist_gbrt,18613.018570632616,18867.4
2026-04-15 08:00:00,sell_bid,hist_gbrt,24834.992538827664,25693.5
2026-04-15 08:15:00,sell_bid,hist_gbrt,29795.641383425394,29180.1
2026-04-15 08:30:00,sell_bid,hist_gbrt,32693.009772374284,34064.1
2026-04-15 08:45:00,sell_bid,hist_gbrt,36223.629877035724,36366.3
2026-04-15 09:00:00,sell_bid,hist_gbrt,39791.67552161687,39376.0
2026-04-15 09:15:00,sell_bid,hist_gbrt,41113.03387766757,39831.6
2026-04-15 09:30:00,sell_bid,hist_gbrt,41606.68382913995,42334.5
2026-04-15 09:45:00,sell_bid,hist_gbrt,44221.86516105674,44899.3
2026-04-15 10:00:00,sell_bid,hist_gbrt,47213.56870038834,48892.8
2026-04-15 10:15:00,sell_bid,hist_gbrt,50397.313481123,50550.9
2026-04-15 10:30:00,sell_bid,hist_gbrt,51674.1619889992,50808.3
2026-04-15 10:45:00,sell_bid,hist_gbrt,51737.11343037867,51396.4
2026-04-15 11:00:00,sell_bid,hist_gbrt,52827.01671706216,53401.7
2026-04-15 11:15:00,sell_bid,hist_gbrt,53138.20462814487,54117.7
2026-04-15 11:30:00,sell_bid,hist_gbrt,54302.00890079933,54621.1
2026-04-15 11:45:00,sell_bid,hist_gbrt,54318.18422132268,54987.0
2026-04-15 12:00:00,sell_bid,hist_gbrt,55271.28239514053,55728.9
2026-04-15 12:15:00,sell_bid,hist_gbrt,55224.32681138823,55949.8
2026-04-15 12:30:00,sell_bid,hist_gbrt,55629.94813773871,56230.0
2026-04-15 12:45:00,sell_bid,hist_gbrt,55591.83545699709,56853.1
2026-04-15 13:00:00,sell_bid,hist_gbrt,56980.143405302515,57468.5
2026-04-15 13:15:00,sell_bid,hist_gbrt,57227.39200868734,57121.7
2026-04-15 13:30:00,sell_bid,hist_gbrt,55646.04201632192,56747.2
2026-04-15 13:45:00,sell_bid,hist_gbrt,55677.89778492535,55910.1
2026-04-15 14:00:00,sell_bid,hist_gbrt,53984.24417657791,53266.4
2026-04-15 14:15:00,sell_bid,hist_gbrt,51273.79119240423,51535.1
2026-04-15 14:30:00,sell_bid,hist_gbrt,49270.67074386797,49230.6
2026-04-15 14:45:00,sell_bid,hist_gbrt,46616.099219670374,47409.3
2026-04-15 15:00:00,sell_bid,hist_gbrt,42978.999480354556,43064.6
2026-04-15 15:15:00,sell_bid,hist_gbrt,40766.90023801642,43135.4
2026-04-15 15:30:00,sell_bid,hist_gbrt,40078.84921092166,39702.3
2026-04-15 15:45:00,sell_bid,hist_gbrt,37257.15414346214,38481.8
2026-04-15 16:00:00,sell_bid,hist_gbrt,35131.706925140206,34935.2
2026-04-15 16:15:00,sell_bid,hist_gbrt,32505.9819661791,33329.1
2026-04-15 16:30:00,sell_bid,hist_gbrt,29402.827936355196,29975.5
2026-04-15 16:45:00,sell_bid,hist_gbrt,27271.511688020542,28226.6
2026-04-15 17:00:00,sell_bid,hist_gbrt,23577.77974345609,22354.0
2026-04-15 17:15:00,sell_bid,hist_gbrt,19036.159810446243,18723.9
2026-04-15 17:30:00,sell_bid,hist_gbrt,16269.814900854151,15711.5
2026-04-15 17:45:00,sell_bid,hist_gbrt,13610.63090330328,13431.8
2026-04-15 18:00:00,sell_bid,hist_gbrt,11907.606528929507,10308.8
2026-04-15 18:15:00,sell_bid,hist_gbrt,9320.78508856956,8839.4
2026-04-15 18:30:00,sell_bid,hist_gbrt,6879.860821947943,6410.7
2026-04-15 18:45:00,sell_bid,hist_gbrt,6035.535565344683,7108.9
2026-04-15 19:00:00,sell_bid,hist_gbrt,6250.528734777655,5456.0
2026-04-15 19:15:00,sell_bid,hist_gbrt,5222.307595151398,5374.8
2026-04-15 19:30:00,sell_bid,hist_gbrt,5222.307595151398,5418.3
2026-04-15 19:45:00,sell_bid,hist_gbrt,5228.953255050344,5431.4
2026-04-15 20:00:00,sell_bid,hist_gbrt,5346.9986735800585,5819.9
2026-04-15 20:15:00,sell_bid,hist_gbrt,5787.414115628586,5873.8
2026-04-15 20:30:00,sell_bid,hist_gbrt,5745.865312264785,5785.5
2026-04-15 20:45:00,sell_bid,hist_gbrt,5718.31940832927,5833.5
2026-04-15 21:00:00,sell_bid,hist_gbrt,5719.19814906373,5954.9
2026-04-15 21:15:00,sell_bid,hist_gbrt,5537.888360484645,5333.0
2026-04-15 21:30:00,sell_bid,hist_gbrt,5062.155613219529,5455.0
2026-04-15 21:45:00,sell_bid,hist_gbrt,5062.155613219529,5655.5
2026-04-15 22:00:00,sell_bid,hist_gbrt,5419.021531322548,5068.3
2026-04-15 22:15:00,sell_bid,hist_gbrt,4562.420667925624,4487.3
2026-04-15 22:30:00,sell_bid,hist_gbrt,4397.461775068286,4250.7
2026-04-15 22:45:00,sell_bid,hist_gbrt,4455.934136073438,4120.9
2026-04-15 23:00:00,sell_bid,hist_gbrt,4328.014018207042,3617.6
2026-04-15 23:15:00,sell_bid,hist_gbrt,4328.014018207042,3619.1
2026-04-15 23:30:00,sell_bid,hist_gbrt,3448.469822400885,3318.8
2026-04-15 23:45:00,sell_bid,hist_gbrt,3448.469822400885,3342.0
2026-04-16 00:00:00,sell_bid,hist_gbrt,3644.447004569457,2468.6
2026-04-16 00:15:00,sell_bid,hist_gbrt,3648.7400990741266,2530.3
2026-04-16 00:30:00,sell_bid,hist_gbrt,3657.76996654218,2698.9
2026-04-16 00:45:00,sell_bid,hist_gbrt,3690.6967493458333,2915.4
2026-04-16 01:00:00,sell_bid,hist_gbrt,4570.24094515199,3791.8
2026-04-16 01:15:00,sell_bid,hist_gbrt,4645.667054965528,3891.5
2026-04-16 01:30:00,sell_bid,hist_gbrt,4972.717929321794,4443.6
2026-04-16 01:45:00,sell_bid,hist_gbrt,5115.738446207792,4839.2
2026-04-16 02:00:00,sell_bid,hist_gbrt,5423.165659863355,5486.8
2026-04-16 02:15:00,sell_bid,hist_gbrt,5659.859906213998,5781.9
2026-04-16 02:30:00,sell_bid,hist_gbrt,6261.179282607856,6232.3
2026-04-16 02:45:00,sell_bid,hist_gbrt,6713.943598910875,6540.6
2026-04-16 03:00:00,sell_bid,hist_gbrt,6919.491514589394,6820.9
2026-04-16 03:15:00,sell_bid,hist_gbrt,7131.329204412459,7102.9
2026-04-16 03:30:00,sell_bid,hist_gbrt,7239.378535190809,7351.8
2026-04-16 03:45:00,sell_bid,hist_gbrt,7512.597841187016,7571.2
2026-04-16 04:00:00,sell_bid,hist_gbrt,7944.298315538283,7937.0
2026-04-16 04:15:00,sell_bid,hist_gbrt,8102.875340823874,7585.3
2026-04-16 04:30:00,sell_bid,hist_gbrt,7902.34695219508,7600.1
2026-04-16 04:45:00,sell_bid,hist_gbrt,7817.061347429052,7094.1
2026-04-16 05:00:00,sell_bid,hist_gbrt,7148.231817972592,8933.5
2026-04-16 05:15:00,sell_bid,hist_gbrt,8298.877424148353,8653.0
2026-04-16 05:30:00,sell_bid,hist_gbrt,7879.779707170566,8562.2
2026-04-16 05:45:00,sell_bid,hist_gbrt,8314.851277198048,9254.8
2026-04-16 06:00:00,sell_bid,hist_gbrt,9070.873262324654,10696.8
2026-04-16 06:15:00,sell_bid,hist_gbrt,10188.998099887625,10787.0
2026-04-16 06:30:00,sell_bid,hist_gbrt,10412.789533198229,11484.7
2026-04-16 06:45:00,sell_bid,hist_gbrt,11208.048963028092,12105.5
2026-04-16 07:00:00,sell_bid,hist_gbrt,13132.27187923174,14268.2
2026-04-16 07:15:00,sell_bid,hist_gbrt,15457.978487190545,15843.8
2026-04-16 07:30:00,sell_bid,hist_gbrt,17509.562451432983,18512.9
2026-04-16 07:45:00,sell_bid,hist_gbrt,21549.00077374685,20202.4
2026-04-16 08:00:00,sell_bid,hist_gbrt,25282.373443173783,25418.8
2026-04-16 08:15:00,sell_bid,hist_gbrt,29373.352188034536,29144.3
2026-04-16 08:30:00,sell_bid,hist_gbrt,32519.80518255506,33886.6
2026-04-16 08:45:00,sell_bid,hist_gbrt,35921.09871246887,36749.2
2026-04-16 09:00:00,sell_bid,hist_gbrt,39168.25108436904,39726.8
2026-04-16 09:15:00,sell_bid,hist_gbrt,41455.964410815934,40231.5
2026-04-16 09:30:00,sell_bid,hist_gbrt,41721.26673113493,42412.5
2026-04-16 09:45:00,sell_bid,hist_gbrt,44279.18428251491,45191.8
2026-04-16 10:00:00,sell_bid,hist_gbrt,47778.65792497462,49569.5
2026-04-16 10:15:00,sell_bid,hist_gbrt,50697.464718510535,50676.6
2026-04-16 10:30:00,sell_bid,hist_gbrt,51875.955403523236,51224.1
2026-04-16 10:45:00,sell_bid,hist_gbrt,52418.12406167621,51493.3
2026-04-16 11:00:00,sell_bid,hist_gbrt,52978.611205793706,52788.8
2026-04-16 11:15:00,sell_bid,hist_gbrt,53153.08953324595,52935.1
2026-04-16 11:30:00,sell_bid,hist_gbrt,53335.43841126626,53494.3
2026-04-16 11:45:00,sell_bid,hist_gbrt,53910.66277266045,53367.0
2026-04-16 12:00:00,sell_bid,hist_gbrt,53553.52264737478,53927.0
2026-04-16 12:15:00,sell_bid,hist_gbrt,54097.84567281489,54116.4
2026-04-16 12:30:00,sell_bid,hist_gbrt,54442.508833603475,54405.5
2026-04-16 12:45:00,sell_bid,hist_gbrt,55042.90140751221,54613.1
2026-04-16 13:00:00,sell_bid,hist_gbrt,55800.25712039021,55783.0
2026-04-16 13:15:00,sell_bid,hist_gbrt,56284.282021733525,55576.8
2026-04-16 13:30:00,sell_bid,hist_gbrt,54972.685852810326,54999.7
2026-04-16 13:45:00,sell_bid,hist_gbrt,54961.40539883268,54387.2
2026-04-16 14:00:00,sell_bid,hist_gbrt,53080.646815080916,52759.6
2026-04-16 14:15:00,sell_bid,hist_gbrt,51514.435972981235,51464.7
2026-04-16 14:30:00,sell_bid,hist_gbrt,49869.28234713598,50175.1
2026-04-16 14:45:00,sell_bid,hist_gbrt,47058.337347502136,48003.8
2026-04-16 15:00:00,sell_bid,hist_gbrt,45341.47766434979,45595.8
2026-04-16 15:15:00,sell_bid,hist_gbrt,43377.67269717638,45451.5
2026-04-16 15:30:00,sell_bid,hist_gbrt,41032.809682254316,40854.2
2026-04-16 15:45:00,sell_bid,hist_gbrt,38268.64643596953,39982.1
2026-04-16 16:00:00,sell_bid,hist_gbrt,35466.65187448286,34994.5
2026-04-16 16:15:00,sell_bid,hist_gbrt,32251.2989348641,33399.2
2026-04-16 16:30:00,sell_bid,hist_gbrt,29487.867463136834,29266.6
2026-04-16 16:45:00,sell_bid,hist_gbrt,26976.093909144158,26907.0
2026-04-16 17:00:00,sell_bid,hist_gbrt,22627.005328084335,21662.9
2026-04-16 17:15:00,sell_bid,hist_gbrt,18348.19190489314,19190.2
2026-04-16 17:30:00,sell_bid,hist_gbrt,15689.107465482619,15689.6
2026-04-16 17:45:00,sell_bid,hist_gbrt,13504.158215665471,13417.1
2026-04-16 18:00:00,sell_bid,hist_gbrt,11062.406627327351,10094.1
2026-04-16 18:15:00,sell_bid,hist_gbrt,7813.398159112129,8452.8
2026-04-16 18:30:00,sell_bid,hist_gbrt,6595.712355933919,5450.8
2026-04-16 18:45:00,sell_bid,hist_gbrt,4497.161435593355,4348.2
2026-04-16 19:00:00,sell_bid,hist_gbrt,3586.3681328666894,3904.6
2026-04-16 19:15:00,sell_bid,hist_gbrt,3697.7138668654825,3904.6
2026-04-16 19:30:00,sell_bid,hist_gbrt,3697.7138668654825,3932.6
2026-04-16 19:45:00,sell_bid,hist_gbrt,3704.359526764428,4104.7
2026-04-16 20:00:00,sell_bid,hist_gbrt,4664.87065912496,4163.4
2026-04-16 20:15:00,sell_bid,hist_gbrt,4736.749109748639,4200.9
2026-04-16 20:30:00,sell_bid,hist_gbrt,4738.039524377748,4179.8
2026-04-16 20:45:00,sell_bid,hist_gbrt,4689.769258416105,4379.3
2026-04-16 21:00:00,sell_bid,hist_gbrt,4627.383629101195,4434.1
2026-04-16 21:15:00,sell_bid,hist_gbrt,4627.383629101195,4345.5
2026-04-16 21:30:00,sell_bid,hist_gbrt,4634.469333559505,4298.1
2026-04-16 21:45:00,sell_bid,hist_gbrt,4634.469333559505,4307.0
2026-04-16 22:00:00,sell_bid,hist_gbrt,4291.573960012627,4512.0
2026-04-16 22:15:00,sell_bid,hist_gbrt,3412.029764206471,4452.4
2026-04-16 22:30:00,sell_bid,hist_gbrt,3394.6646958387514,4189.9
2026-04-16 22:45:00,sell_bid,hist_gbrt,3484.0416853566553,4046.1
2026-04-16 23:00:00,sell_bid,hist_gbrt,3356.1215674902573,3373.3
2026-04-16 23:15:00,sell_bid,hist_gbrt,3356.1215674902573,3357.1
2026-04-16 23:30:00,sell_bid,hist_gbrt,3348.704769068662,2928.3
2026-04-16 23:45:00,sell_bid,hist_gbrt,3280.695457676719,2938.1
2026-04-17 00:00:00,sell_bid,hist_gbrt,3118.4734687199225,1476.0
2026-04-17 00:15:00,sell_bid,hist_gbrt,3122.799081256638,1542.4
2026-04-17 00:30:00,sell_bid,hist_gbrt,3105.611948525067,1472.5
2026-04-17 00:45:00,sell_bid,hist_gbrt,3138.53873132872,1489.0
2026-04-17 01:00:00,sell_bid,hist_gbrt,3138.53873132872,1836.3
2026-04-17 01:15:00,sell_bid,hist_gbrt,3138.53873132872,1705.0
2026-04-17 01:30:00,sell_bid,hist_gbrt,3138.53873132872,1658.2
2026-04-17 01:45:00,sell_bid,hist_gbrt,3148.4301804137885,1831.8
2026-04-17 02:00:00,sell_bid,hist_gbrt,3714.6841925039917,1951.2
2026-04-17 02:15:00,sell_bid,hist_gbrt,3714.6841925039917,2126.3
2026-04-17 02:30:00,sell_bid,hist_gbrt,3714.6841925039917,2291.7
2026-04-17 02:45:00,sell_bid,hist_gbrt,3817.7659850251503,2357.2
2026-04-17 03:00:00,sell_bid,hist_gbrt,3817.7659850251503,2588.9
2026-04-17 03:15:00,sell_bid,hist_gbrt,3771.948380463656,2934.6
2026-04-17 03:30:00,sell_bid,hist_gbrt,3769.560131607769,3019.1
2026-04-17 03:45:00,sell_bid,hist_gbrt,3823.1932658629894,3225.9
2026-04-17 04:00:00,sell_bid,hist_gbrt,3763.3191955873976,3368.9
2026-04-17 04:15:00,sell_bid,hist_gbrt,3763.3191955873976,3118.5
2026-04-17 04:30:00,sell_bid,hist_gbrt,3763.3191955873976,2912.4
2026-04-17 04:45:00,sell_bid,hist_gbrt,3687.893085773859,2769.1
2026-04-17 05:00:00,sell_bid,hist_gbrt,4479.998695510936,3438.3
2026-04-17 05:15:00,sell_bid,hist_gbrt,3591.574797552795,3280.9
2026-04-17 05:30:00,sell_bid,hist_gbrt,3313.2839877468487,3020.3
2026-04-17 05:45:00,sell_bid,hist_gbrt,4704.32190879303,3705.7
2026-04-17 06:00:00,sell_bid,hist_gbrt,4945.730074164614,4675.6
2026-04-17 06:15:00,sell_bid,hist_gbrt,5393.276465328134,5419.8
2026-04-17 06:30:00,sell_bid,hist_gbrt,5689.112574335608,6164.4
2026-04-17 06:45:00,sell_bid,hist_gbrt,7158.940626637389,6840.2
2026-04-17 07:00:00,sell_bid,hist_gbrt,8294.28149568773,10062.4
2026-04-17 07:15:00,sell_bid,hist_gbrt,10915.734116658048,11765.7
2026-04-17 07:30:00,sell_bid,hist_gbrt,13486.369371384739,14665.8
2026-04-17 07:45:00,sell_bid,hist_gbrt,17109.61317674155,18561.0
2026-04-17 08:00:00,sell_bid,hist_gbrt,22794.975639901357,23567.0
2026-04-17 08:15:00,sell_bid,hist_gbrt,27212.060847131514,27918.6
2026-04-17 08:30:00,sell_bid,hist_gbrt,30763.849880482096,30919.0
2026-04-17 08:45:00,sell_bid,hist_gbrt,33881.155687622144,33338.0
2026-04-17 09:00:00,sell_bid,hist_gbrt,35927.67921515906,35989.8
2026-04-17 09:15:00,sell_bid,hist_gbrt,37574.23691725966,36967.6
2026-04-17 09:30:00,sell_bid,hist_gbrt,39954.082234101494,39377.2
2026-04-17 09:45:00,sell_bid,hist_gbrt,41592.37198334073,41860.3
2026-04-17 10:00:00,sell_bid,hist_gbrt,44283.31949057363,45449.3
2026-04-17 10:15:00,sell_bid,hist_gbrt,47458.24316345633,47000.2
2026-04-17 10:30:00,sell_bid,hist_gbrt,48374.41105234201,48024.6
2026-04-17 10:45:00,sell_bid,hist_gbrt,49709.85050259529,48746.0
2026-04-17 11:00:00,sell_bid,hist_gbrt,50837.26113219233,49853.9
2026-04-17 11:15:00,sell_bid,hist_gbrt,51218.56175174213,49905.1
2026-04-17 11:30:00,sell_bid,hist_gbrt,51649.85983846065,51030.2
2026-04-17 11:45:00,sell_bid,hist_gbrt,52300.96589887677,51307.1
2026-04-17 12:00:00,sell_bid,hist_gbrt,53169.88410999737,51601.8
2026-04-17 12:15:00,sell_bid,hist_gbrt,53064.01062205345,51669.8
2026-04-17 12:30:00,sell_bid,hist_gbrt,52998.718558687,52312.5
2026-04-17 12:45:00,sell_bid,hist_gbrt,53399.99980111168,52565.5
2026-04-17 13:00:00,sell_bid,hist_gbrt,54032.31498479844,53592.4
2026-04-17 13:15:00,sell_bid,hist_gbrt,54309.439874377094,53218.5
2026-04-17 13:30:00,sell_bid,hist_gbrt,52880.302602640215,52484.1
2026-04-17 13:45:00,sell_bid,hist_gbrt,52564.797079451004,52051.0
2026-04-17 14:00:00,sell_bid,hist_gbrt,50764.28150674713,50230.8
2026-04-17 14:15:00,sell_bid,hist_gbrt,49092.38879132177,48853.7
2026-04-17 14:30:00,sell_bid,hist_gbrt,46910.720362733686,47134.4
2026-04-17 14:45:00,sell_bid,hist_gbrt,44584.66421366719,45438.3
2026-04-17 15:00:00,sell_bid,hist_gbrt,42309.797710498504,41750.0
2026-04-17 15:15:00,sell_bid,hist_gbrt,40431.37128040707,40708.9
2026-04-17 15:30:00,sell_bid,hist_gbrt,37122.33301355421,36447.2
2026-04-17 15:45:00,sell_bid,hist_gbrt,34780.598272687756,34381.7
2026-04-17 16:00:00,sell_bid,hist_gbrt,31958.966723203113,29735.9
2026-04-17 16:15:00,sell_bid,hist_gbrt,28592.213106062278,27676.3
2026-04-17 16:30:00,sell_bid,hist_gbrt,25391.419598417437,24353.6
2026-04-17 16:45:00,sell_bid,hist_gbrt,21798.35790842533,22486.2
2026-04-17 17:00:00,sell_bid,hist_gbrt,18893.54833716464,16690.7
2026-04-17 17:15:00,sell_bid,hist_gbrt,14132.538751079914,13276.2
2026-04-17 17:30:00,sell_bid,hist_gbrt,10997.301686809538,9865.5
2026-04-17 17:45:00,sell_bid,hist_gbrt,8521.300526188164,7524.2
2026-04-17 18:00:00,sell_bid,hist_gbrt,5909.062920748392,4976.1
2026-04-17 18:15:00,sell_bid,hist_gbrt,3848.108548476003,4163.1
2026-04-17 18:30:00,sell_bid,hist_gbrt,3017.684071839966,3063.4
2026-04-17 18:45:00,sell_bid,hist_gbrt,3250.2946048554036,2642.3
2026-04-17 19:00:00,sell_bid,hist_gbrt,2894.6512565867856,2187.7
2026-04-17 19:15:00,sell_bid,hist_gbrt,3075.6834305413795,2190.3
2026-04-17 19:30:00,sell_bid,hist_gbrt,3075.6834305413795,2209.1
2026-04-17 19:45:00,sell_bid,hist_gbrt,3082.329090440325,2376.0
2026-04-17 20:00:00,sell_bid,hist_gbrt,3082.329090440325,2418.5
2026-04-17 20:15:00,sell_bid,hist_gbrt,3047.011785223737,2451.6
2026-04-17 20:30:00,sell_bid,hist_gbrt,3018.4581228068737,2581.7
2026-04-17 20:45:00,sell_bid,hist_gbrt,2970.1878568452303,2545.2
2026-04-17 21:00:00,sell_bid,hist_gbrt,2907.802227530319,2569.3
2026-04-17 21:15:00,sell_bid,hist_gbrt,2907.802227530319,2565.6
2026-04-17 21:30:00,sell_bid,hist_gbrt,2907.802227530319,2609.2
2026-04-17 21:45:00,sell_bid,hist_gbrt,2907.802227530319,2615.9
2026-04-17 22:00:00,sell_bid,hist_gbrt,2792.2521375571573,2502.6
2026-04-17 22:15:00,sell_bid,hist_gbrt,2792.2521375571573,2487.3
2026-04-17 22:30:00,sell_bid,hist_gbrt,2811.397252091489,2389.0
2026-04-17 22:45:00,sell_bid,hist_gbrt,2869.8696130966405,2339.6
2026-04-17 23:00:00,sell_bid,hist_gbrt,2869.8696130966405,2070.3
2026-04-17 23:15:00,sell_bid,hist_gbrt,2869.8696130966405,2080.4
2026-04-17 23:30:00,sell_bid,hist_gbrt,2869.8696130966405,1847.3
2026-04-17 23:45:00,sell_bid,hist_gbrt,2869.8696130966405,1823.0
2026-04-18 00:00:00,sell_bid,hist_gbrt,2986.0663656309175,1425.7
2026-04-18 00:15:00,sell_bid,hist_gbrt,2990.391978167633,1525.8
2026-04-18 00:30:00,sell_bid,hist_gbrt,3038.4724684819575,1481.2
2026-04-18 00:45:00,sell_bid,hist_gbrt,3071.3992512856107,1539.7
2026-04-18 01:00:00,sell_bid,hist_gbrt,3119.665992866264,1898.8
2026-04-18 01:15:00,sell_bid,hist_gbrt,3119.665992866264,1673.2
2026-04-18 01:30:00,sell_bid,hist_gbrt,3119.665992866264,1729.1
2026-04-18 01:45:00,sell_bid,hist_gbrt,3129.5574419513323,1858.0
2026-04-18 02:00:00,sell_bid,hist_gbrt,3571.547962988977,2095.6
2026-04-18 02:15:00,sell_bid,hist_gbrt,3571.547962988977,2173.7
2026-04-18 02:30:00,sell_bid,hist_gbrt,3571.547962988977,2272.5
2026-04-18 02:45:00,sell_bid,hist_gbrt,3600.7172778494764,2395.6
2026-04-18 03:00:00,sell_bid,hist_gbrt,3703.7990703706355,2842.2
2026-04-18 03:15:00,sell_bid,hist_gbrt,3636.9006570744586,2980.4
2026-04-18 03:30:00,sell_bid,hist_gbrt,3709.93851803211,3187.8
2026-04-18 03:45:00,sell_bid,hist_gbrt,3688.145542473792,3353.1
2026-04-18 04:00:00,sell_bid,hist_gbrt,3628.2714721982,3606.7
2026-04-18 04:15:00,sell_bid,hist_gbrt,3628.2714721982,3504.5
2026-04-18 04:30:00,sell_bid,hist_gbrt,3628.2714721982,3574.2
2026-04-18 04:45:00,sell_bid,hist_gbrt,3620.1829660723834,3653.9
2026-04-18 05:00:00,sell_bid,hist_gbrt,3538.4221490976206,3724.6
2026-04-18 05:15:00,sell_bid,hist_gbrt,3455.5242724960904,3295.2
2026-04-18 05:30:00,sell_bid,hist_gbrt,3177.233462690144,3097.0
2026-04-18 05:45:00,sell_bid,hist_gbrt,3622.4101282151078,3734.5
2026-04-18 06:00:00,sell_bid,hist_gbrt,4634.561383955645,4666.1
2026-04-18 06:15:00,sell_bid,hist_gbrt,4884.112129418818,5335.4
2026-04-18 06:30:00,sell_bid,hist_gbrt,5633.201292333039,6108.2
2026-04-18 06:45:00,sell_bid,hist_gbrt,6628.430684830863,6999.0
2026-04-18 07:00:00,sell_bid,hist_gbrt,7981.736262670794,8741.3
2026-04-18 07:15:00,sell_bid,hist_gbrt,9607.67428954312,10730.7
2026-04-18 07:30:00,sell_bid,hist_gbrt,12039.849401455052,13602.5
2026-04-18 07:45:00,sell_bid,hist_gbrt,15554.087923674342,16817.1
2026-04-18 08:00:00,sell_bid,hist_gbrt,21309.654596313703,21867.2
2026-04-18 08:15:00,sell_bid,hist_gbrt,24880.609176885584,25215.1
2026-04-18 08:30:00,sell_bid,hist_gbrt,28874.702399216083,28231.6
2026-04-18 08:45:00,sell_bid,hist_gbrt,30677.93638410398,30848.8
2026-04-18 09:00:00,sell_bid,hist_gbrt,33997.73652583829,34132.2
2026-04-18 09:15:00,sell_bid,hist_gbrt,35650.369060921235,34634.9
2026-04-18 09:30:00,sell_bid,hist_gbrt,37296.1743963157,37250.3
2026-04-18 09:45:00,sell_bid,hist_gbrt,39167.917996076016,38715.6
2026-04-18 10:00:00,sell_bid,hist_gbrt,41399.97808977253,41322.4
2026-04-18 10:15:00,sell_bid,hist_gbrt,43368.68402261884,42309.1
2026-04-18 10:30:00,sell_bid,hist_gbrt,43786.248842356035,43126.9
2026-04-18 10:45:00,sell_bid,hist_gbrt,45032.046258591945,44432.1
2026-04-18 11:00:00,sell_bid,hist_gbrt,46041.614973849195,45867.8
2026-04-18 11:15:00,sell_bid,hist_gbrt,47921.025495013644,46590.9
2026-04-18 11:30:00,sell_bid,hist_gbrt,48119.43921317956,46994.6
2026-04-18 11:45:00,sell_bid,hist_gbrt,48048.59636974355,47004.3
2026-04-18 12:00:00,sell_bid,hist_gbrt,48018.19508808517,47185.9
2026-04-18 12:15:00,sell_bid,hist_gbrt,47879.358615377576,47239.2
2026-04-18 12:30:00,sell_bid,hist_gbrt,47980.754913014156,47458.6
2026-04-18 12:45:00,sell_bid,hist_gbrt,48608.62232079375,47613.1
2026-04-18 13:00:00,sell_bid,hist_gbrt,48999.09967135249,48333.7
2026-04-18 13:15:00,sell_bid,hist_gbrt,49399.563740996695,48215.0
2026-04-18 13:30:00,sell_bid,hist_gbrt,48585.06548138586,47656.4
2026-04-18 13:45:00,sell_bid,hist_gbrt,47179.86828391015,47562.7
2026-04-18 14:00:00,sell_bid,hist_gbrt,45774.47620939757,45806.6
2026-04-18 14:15:00,sell_bid,hist_gbrt,45077.94281655419,45466.6
2026-04-18 14:30:00,sell_bid,hist_gbrt,42897.11790366868,42701.7
2026-04-18 14:45:00,sell_bid,hist_gbrt,40700.7777401967,41250.3
2026-04-18 15:00:00,sell_bid,hist_gbrt,38780.83759443071,39294.5
2026-04-18 15:15:00,sell_bid,hist_gbrt,36931.91674894137,38175.7
2026-04-18 15:30:00,sell_bid,hist_gbrt,35205.619927137865,33956.0
2026-04-18 15:45:00,sell_bid,hist_gbrt,31744.458042605256,32319.2
2026-04-18 16:00:00,sell_bid,hist_gbrt,29494.130642451102,28366.6
2026-04-18 16:15:00,sell_bid,hist_gbrt,26565.415428597073,27462.0
2026-04-18 16:30:00,sell_bid,hist_gbrt,25248.075661963867,24988.7
2026-04-18 16:45:00,sell_bid,hist_gbrt,22123.423044383708,22898.6
2026-04-18 17:00:00,sell_bid,hist_gbrt,18800.44596367938,15896.4
2026-04-18 17:15:00,sell_bid,hist_gbrt,13097.523090077993,13397.4
2026-04-18 17:30:00,sell_bid,hist_gbrt,10677.936456054018,9356.5
2026-04-18 17:45:00,sell_bid,hist_gbrt,7226.021491673896,7240.1
2026-04-18 18:00:00,sell_bid,hist_gbrt,5176.21699385223,4701.8
2026-04-18 18:15:00,sell_bid,hist_gbrt,3760.293822384135,4107.8
2026-04-18 18:30:00,sell_bid,hist_gbrt,2823.065807300329,2922.6
2026-04-18 18:45:00,sell_bid,hist_gbrt,2686.869939739466,2721.7
2026-04-18 19:00:00,sell_bid,hist_gbrt,2836.0792412007017,2097.8
2026-04-18 19:15:00,sell_bid,hist_gbrt,3017.1114151552956,2096.0
2026-04-18 19:30:00,sell_bid,hist_gbrt,3017.1114151552956,2106.4
2026-04-18 19:45:00,sell_bid,hist_gbrt,3023.7570750542413,2258.4
2026-04-18 20:00:00,sell_bid,hist_gbrt,3023.7570750542413,2288.8
2026-04-18 20:15:00,sell_bid,hist_gbrt,2988.4397698376533,2305.4
2026-04-18 20:30:00,sell_bid,hist_gbrt,2959.8861074207907,2344.4
2026-04-18 20:45:00,sell_bid,hist_gbrt,2911.6158414591473,2297.4
2026-04-18 21:00:00,sell_bid,hist_gbrt,2849.2302121442353,2292.2
2026-04-18 21:15:00,sell_bid,hist_gbrt,2849.2302121442353,2295.0
2026-04-18 21:30:00,sell_bid,hist_gbrt,2849.2302121442353,2375.7
2026-04-18 21:45:00,sell_bid,hist_gbrt,2849.2302121442353,2323.1
2026-04-18 22:00:00,sell_bid,hist_gbrt,2763.4477424618854,2273.9
2026-04-18 22:15:00,sell_bid,hist_gbrt,2763.4477424618854,2218.0
2026-04-18 22:30:00,sell_bid,hist_gbrt,2756.03094404029,2246.2
2026-04-18 22:45:00,sell_bid,hist_gbrt,2773.6533618863837,2173.9
2026-04-18 23:00:00,sell_bid,hist_gbrt,2773.6533618863837,1922.2
2026-04-18 23:15:00,sell_bid,hist_gbrt,2773.6533618863837,1924.4
2026-04-18 23:30:00,sell_bid,hist_gbrt,2773.6533618863837,1693.9
2026-04-18 23:45:00,sell_bid,hist_gbrt,2773.6533618863837,1714.3
2026-04-19 00:00:00,sell_bid,hist_gbrt,2963.806895535996,1588.7
2026-04-19 00:15:00,sell_bid,hist_gbrt,3006.2451888143323,1649.3
2026-04-19 00:30:00,sell_bid,hist_gbrt,3051.6079425563557,1588.3
2026-04-19 00:45:00,sell_bid,hist_gbrt,3084.534725360009,1671.1
2026-04-19 01:00:00,sell_bid,hist_gbrt,3084.534725360009,1869.7
2026-04-19 01:15:00,sell_bid,hist_gbrt,3084.534725360009,1903.2
2026-04-19 01:30:00,sell_bid,hist_gbrt,3140.2182653622576,1998.9
2026-04-19 01:45:00,sell_bid,hist_gbrt,3592.10023548497,2214.8
2026-04-19 02:00:00,sell_bid,hist_gbrt,3592.10023548497,2356.6
2026-04-19 02:15:00,sell_bid,hist_gbrt,3592.10023548497,2326.6
2026-04-19 02:30:00,sell_bid,hist_gbrt,3695.1820280061293,2534.9
2026-04-19 02:45:00,sell_bid,hist_gbrt,3695.1820280061293,2864.0
2026-04-19 03:00:00,sell_bid,hist_gbrt,3695.1820280061293,3247.9
2026-04-19 03:15:00,sell_bid,hist_gbrt,4604.334729064328,3510.9
2026-04-19 03:30:00,sell_bid,hist_gbrt,4601.94648020844,3609.2
2026-04-19 03:45:00,sell_bid,hist_gbrt,4580.153504650122,3788.2
2026-04-19 04:00:00,sell_bid,hist_gbrt,4520.27943437453,3924.7
2026-04-19 04:15:00,sell_bid,hist_gbrt,4520.27943437453,3894.1
2026-04-19 04:30:00,sell_bid,hist_gbrt,4520.27943437453,4026.8
2026-04-19 04:45:00,sell_bid,hist_gbrt,4520.27943437453,3999.0
2026-04-19 05:00:00,sell_bid,hist_gbrt,4745.603543568545,4650.4
2026-04-19 05:15:00,sell_bid,hist_gbrt,4483.540858664634,4152.6
2026-04-19 05:30:00,sell_bid,hist_gbrt,4303.4554089673165,3807.4
2026-04-19 05:45:00,sell_bid,hist_gbrt,4522.506596517256,4486.3
2026-04-19 06:00:00,sell_bid,hist_gbrt,5101.168061061388,5312.5
2026-04-19 06:15:00,sell_bid,hist_gbrt,5460.442659011616,5939.2
2026-04-19 06:30:00,sell_bid,hist_gbrt,6499.6322809641915,7206.1
2026-04-19 06:45:00,sell_bid,hist_gbrt,7576.080601648922,8277.9
2026-04-19 07:00:00,sell_bid,hist_gbrt,9188.030249530057,10361.9
2026-04-19 07:15:00,sell_bid,hist_gbrt,11749.09372735055,12932.8
2026-04-19 07:30:00,sell_bid,hist_gbrt,14769.468872412897,15727.6
2026-04-19 07:45:00,sell_bid,hist_gbrt,17972.70897525418,19595.5
2026-04-19 08:00:00,sell_bid,hist_gbrt,23745.95684234108,25312.6
2026-04-19 08:15:00,sell_bid,hist_gbrt,28678.30908867271,28312.3
2026-04-19 08:30:00,sell_bid,hist_gbrt,30812.885025629497,30738.1
2026-04-19 08:45:00,sell_bid,hist_gbrt,33034.57294610075,32197.1
2026-04-19 09:00:00,sell_bid,hist_gbrt,34374.435270929265,34957.0
2026-04-19 09:15:00,sell_bid,hist_gbrt,36538.3245082487,35349.2
2026-04-19 09:30:00,sell_bid,hist_gbrt,37284.077998236906,37772.9
2026-04-19 09:45:00,sell_bid,hist_gbrt,39546.80670426219,39144.2
2026-04-19 10:00:00,sell_bid,hist_gbrt,40924.0488722201,41503.2
2026-04-19 10:15:00,sell_bid,hist_gbrt,42457.297782944705,42214.2
2026-04-19 10:30:00,sell_bid,hist_gbrt,43752.81293002749,43576.3
2026-04-19 10:45:00,sell_bid,hist_gbrt,44898.65674247798,44916.7
2026-04-19 11:00:00,sell_bid,hist_gbrt,46623.60998451169,46260.3
2026-04-19 11:15:00,sell_bid,hist_gbrt,47776.65281493331,46527.0
2026-04-19 11:30:00,sell_bid,hist_gbrt,48690.550495723845,48405.7
2026-04-19 11:45:00,sell_bid,hist_gbrt,50417.72732507744,49473.0
2026-04-19 12:00:00,sell_bid,hist_gbrt,51119.311553544,50517.6
2026-04-19 12:15:00,sell_bid,hist_gbrt,52274.96629819741,50671.2
2026-04-19 12:30:00,sell_bid,hist_gbrt,52508.118909689976,51063.1
2026-04-19 12:45:00,sell_bid,hist_gbrt,52511.46096012625,51274.7
2026-04-19 13:00:00,sell_bid,hist_gbrt,53055.50337797819,51734.7
2026-04-19 13:15:00,sell_bid,hist_gbrt,52763.77754624264,51400.1
2026-04-19 13:30:00,sell_bid,hist_gbrt,52334.879631977004,50956.8
2026-04-19 13:45:00,sell_bid,hist_gbrt,51253.480675222505,50685.6
2026-04-19 14:00:00,sell_bid,hist_gbrt,49498.21995478029,46937.4
2026-04-19 14:15:00,sell_bid,hist_gbrt,45721.35957178833,45814.1
2026-04-19 14:30:00,sell_bid,hist_gbrt,45025.076989480825,44105.1
2026-04-19 14:45:00,sell_bid,hist_gbrt,42948.8641614638,42430.0
2026-04-19 15:00:00,sell_bid,hist_gbrt,40469.76046098032,39769.7
2026-04-19 15:15:00,sell_bid,hist_gbrt,38723.80511887436,39165.5
2026-04-19 15:30:00,sell_bid,hist_gbrt,36721.30457789785,35595.5
2026-04-19 15:45:00,sell_bid,hist_gbrt,33602.52808486193,33515.8
2026-04-19 16:00:00,sell_bid,hist_gbrt,30632.647583984104,30761.4
2026-04-19 16:15:00,sell_bid,hist_gbrt,28552.323289488217,29443.9
2026-04-19 16:30:00,sell_bid,hist_gbrt,26384.718675833854,25726.5
2026-04-19 16:45:00,sell_bid,hist_gbrt,23536.835069146484,23660.9
2026-04-19 17:00:00,sell_bid,hist_gbrt,19326.076431789297,18639.8
2026-04-19 17:15:00,sell_bid,hist_gbrt,16155.428089110246,15741.4
2026-04-19 17:30:00,sell_bid,hist_gbrt,13491.988060786734,12037.6
2026-04-19 17:45:00,sell_bid,hist_gbrt,10483.775473494783,10781.4
2026-04-19 18:00:00,sell_bid,hist_gbrt,8867.460460449547,8875.8
2026-04-19 18:15:00,sell_bid,hist_gbrt,6942.5647039839605,6796.0
2026-04-19 18:30:00,sell_bid,hist_gbrt,5507.136771653683,4765.5
2026-04-19 18:45:00,sell_bid,hist_gbrt,4382.497661614348,4384.1
2026-04-19 19:00:00,sell_bid,hist_gbrt,3579.6938856413003,3170.4
2026-04-19 19:15:00,sell_bid,hist_gbrt,3529.7241492083376,2532.6
2026-04-19 19:30:00,sell_bid,hist_gbrt,3454.298039394799,2520.6
2026-04-19 19:45:00,sell_bid,hist_gbrt,3460.943699293745,2655.7
2026-04-19 20:00:00,sell_bid,hist_gbrt,3612.292233395557,2679.7
2026-04-19 20:15:00,sell_bid,hist_gbrt,3554.8600722121864,2675.7
2026-04-19 20:30:00,sell_bid,hist_gbrt,3535.426124815168,2751.2
2026-04-19 20:45:00,sell_bid,hist_gbrt,3487.1558588535245,2780.3
2026-04-19 21:00:00,sell_bid,hist_gbrt,3321.688437017454,2769.2
2026-04-19 21:15:00,sell_bid,hist_gbrt,3321.688437017454,2849.7
2026-04-19 21:30:00,sell_bid,hist_gbrt,3321.688437017454,2739.1
2026-04-19 21:45:00,sell_bid,hist_gbrt,3321.688437017454,2724.1
2026-04-19 22:00:00,sell_bid,hist_gbrt,3186.4940588751424,2467.8
2026-04-19 22:15:00,sell_bid,hist_gbrt,2770.062659905765,2442.7
2026-04-19 22:30:00,sell_bid,hist_gbrt,2789.2077744400967,2208.2
2026-04-19 22:45:00,sell_bid,hist_gbrt,2806.8301922861906,2271.6
2026-04-19 23:00:00,sell_bid,hist_gbrt,2799.413393864595,2143.5
2026-04-19 23:15:00,sell_bid,hist_gbrt,2799.413393864595,2151.3
2026-04-19 23:30:00,sell_bid,hist_gbrt,2799.413393864595,1912.6
2026-04-19 23:45:00,sell_bid,hist_gbrt,2799.413393864595,1918.3
2026-04-20 00:00:00,sell_bid,hist_gbrt,2973.320584656231,1249.1
2026-04-20 00:15:00,sell_bid,hist_gbrt,3097.49168830023,1285.7
2026-04-20 00:30:00,sell_bid,hist_gbrt,3138.155380192959,1330.3
2026-04-20 00:45:00,sell_bid,hist_gbrt,3171.082162996612,1381.3
2026-04-20 01:00:00,sell_bid,hist_gbrt,3171.082162996612,1466.6
2026-04-20 01:15:00,sell_bid,hist_gbrt,3171.082162996612,1503.8
2026-04-20 01:30:00,sell_bid,hist_gbrt,3171.082162996612,1595.9
2026-04-20 01:45:00,sell_bid,hist_gbrt,3180.9736120816806,1799.3
2026-04-20 02:00:00,sell_bid,hist_gbrt,3180.9736120816806,1994.7
2026-04-20 02:15:00,sell_bid,hist_gbrt,3180.9736120816806,2018.0
2026-04-20 02:30:00,sell_bid,hist_gbrt,3180.9736120816806,1972.8
2026-04-20 02:45:00,sell_bid,hist_gbrt,3622.2693987489056,2114.9
2026-04-20 03:00:00,sell_bid,hist_gbrt,3622.2693987489056,2429.2
2026-04-20 03:15:00,sell_bid,hist_gbrt,3679.5335867085705,2666.2
2026-04-20 03:30:00,sell_bid,hist_gbrt,3677.1453378526835,2804.7
2026-04-20 03:45:00,sell_bid,hist_gbrt,3655.3523622943653,3004.9
2026-04-20 04:00:00,sell_bid,hist_gbrt,3648.1259936723463,3321.4
2026-04-20 04:15:00,sell_bid,hist_gbrt,3640.709195250751,3251.7
2026-04-20 04:30:00,sell_bid,hist_gbrt,3640.709195250751,3277.0
2026-04-20 04:45:00,sell_bid,hist_gbrt,3640.709195250751,3232.2
2026-04-20 05:00:00,sell_bid,hist_gbrt,3550.859872150171,3443.5
2026-04-20 05:15:00,sell_bid,hist_gbrt,3476.050501674458,3053.1
2026-04-20 05:30:00,sell_bid,hist_gbrt,3295.9650519771394,3003.3
2026-04-20 05:45:00,sell_bid,hist_gbrt,3642.936357393475,3640.8
2026-04-20 06:00:00,sell_bid,hist_gbrt,3895.682058370862,4526.9
2026-04-20 06:15:00,sell_bid,hist_gbrt,4907.599213045939,5153.8
2026-04-20 06:30:00,sell_bid,hist_gbrt,5157.7748412986375,5980.3
2026-04-20 06:45:00,sell_bid,hist_gbrt,6160.985880140773,7234.4
2026-04-20 07:00:00,sell_bid,hist_gbrt,7909.489141523396,9549.0
2026-04-20 07:15:00,sell_bid,hist_gbrt,10307.802382218244,11960.3
2026-04-20 07:30:00,sell_bid,hist_gbrt,12954.740841968935,14653.8
2026-04-20 07:45:00,sell_bid,hist_gbrt,16827.008122938052,18314.9
2026-04-20 08:00:00,sell_bid,hist_gbrt,22200.017989747703,22965.2
2026-04-20 08:15:00,sell_bid,hist_gbrt,25907.30500554243,25988.2
2026-04-20 08:30:00,sell_bid,hist_gbrt,29052.579267527515,28448.4
2026-04-20 08:45:00,sell_bid,hist_gbrt,30491.92403227008,30283.2
2026-04-20 09:00:00,sell_bid,hist_gbrt,32832.8156296453,32899.8
2026-04-20 09:15:00,sell_bid,hist_gbrt,34580.800361808615,34024.2
2026-04-20 09:30:00,sell_bid,hist_gbrt,35987.802596950765,35856.6
2026-04-20 09:45:00,sell_bid,hist_gbrt,37478.27628935419,37089.4
2026-04-20 10:00:00,sell_bid,hist_gbrt,39801.866847485886,39393.8
2026-04-20 10:15:00,sell_bid,hist_gbrt,40883.85834276406,39855.5
2026-04-20 10:30:00,sell_bid,hist_gbrt,41132.98873750225,40754.7
2026-04-20 10:45:00,sell_bid,hist_gbrt,41888.29278222599,41924.3
2026-04-20 11:00:00,sell_bid,hist_gbrt,43297.34338262969,43948.0
2026-04-20 11:15:00,sell_bid,hist_gbrt,45157.03120999586,44773.7
2026-04-20 11:30:00,sell_bid,hist_gbrt,45403.98097793188,45155.7
2026-04-20 11:45:00,sell_bid,hist_gbrt,45814.870083238246,45509.7
2026-04-20 12:00:00,sell_bid,hist_gbrt,46853.370528043,46343.3
2026-04-20 12:15:00,sell_bid,hist_gbrt,46877.146484130564,46139.8
2026-04-20 12:30:00,sell_bid,hist_gbrt,47281.76491577008,46502.6
2026-04-20 12:45:00,sell_bid,hist_gbrt,46959.832166764274,46439.2
2026-04-20 13:00:00,sell_bid,hist_gbrt,47546.39146814511,47086.6
2026-04-20 13:15:00,sell_bid,hist_gbrt,47167.76870701947,47120.5
2026-04-20 13:30:00,sell_bid,hist_gbrt,46559.173929661745,46418.9
2026-04-20 13:45:00,sell_bid,hist_gbrt,45250.005746519426,44848.2
2026-04-20 14:00:00,sell_bid,hist_gbrt,42771.662626253485,43078.4
2026-04-20 14:15:00,sell_bid,hist_gbrt,41643.044295023494,41800.2
2026-04-20 14:30:00,sell_bid,hist_gbrt,39967.37233931054,39852.0
2026-04-20 14:45:00,sell_bid,hist_gbrt,38203.22862586638,39622.4
2026-04-20 15:00:00,sell_bid,hist_gbrt,36635.0011957722,37385.9
2026-04-20 15:15:00,sell_bid,hist_gbrt,35952.7017221867,36021.9
2026-04-20 15:30:00,sell_bid,hist_gbrt,32880.3617732471,34156.8
2026-04-20 15:45:00,sell_bid,hist_gbrt,31194.49976439557,32648.6
2026-04-20 16:00:00,sell_bid,hist_gbrt,29601.069980797634,29594.0
2026-04-20 16:15:00,sell_bid,hist_gbrt,27767.088160575157,27049.7
2026-04-20 16:30:00,sell_bid,hist_gbrt,24046.249747671598,24688.7
2026-04-20 16:45:00,sell_bid,hist_gbrt,22049.85773287349,22290.5
2026-04-20 17:00:00,sell_bid,hist_gbrt,17942.1211739209,15126.1
2026-04-20 17:15:00,sell_bid,hist_gbrt,12191.667081523337,12036.2
2026-04-20 17:30:00,sell_bid,hist_gbrt,9587.309556115128,7773.7
2026-04-20 17:45:00,sell_bid,hist_gbrt,6270.716520252662,5603.0
2026-04-20 18:00:00,sell_bid,hist_gbrt,4253.997074010543,4263.3
2026-04-20 18:15:00,sell_bid,hist_gbrt,3017.6945820333,3611.1
2026-04-20 18:30:00,sell_bid,hist_gbrt,2458.7411535299752,2384.9
2026-04-20 18:45:00,sell_bid,hist_gbrt,3150.829357898702,3002.4
2026-04-20 19:00:00,sell_bid,hist_gbrt,2916.5377570460187,2151.2
2026-04-20 19:15:00,sell_bid,hist_gbrt,3052.3390277686353,2055.7
2026-04-20 19:30:00,sell_bid,hist_gbrt,3052.3390277686353,2069.8
2026-04-20 19:45:00,sell_bid,hist_gbrt,3095.950330607589,2213.3
2026-04-20 20:00:00,sell_bid,hist_gbrt,3095.950330607589,2459.0
2026-04-20 20:15:00,sell_bid,hist_gbrt,3023.667382450993,2484.7
2026-04-20 20:30:00,sell_bid,hist_gbrt,2995.11372003413,2504.3
2026-04-20 20:45:00,sell_bid,hist_gbrt,2972.8502389491664,2488.1
2026-04-20 21:00:00,sell_bid,hist_gbrt,2910.4646096342553,2485.7
2026-04-20 21:15:00,sell_bid,hist_gbrt,2910.4646096342553,2503.7
2026-04-20 21:30:00,sell_bid,hist_gbrt,2910.4646096342553,2534.6
2026-04-20 21:45:00,sell_bid,hist_gbrt,2910.4646096342553,2500.2
2026-04-20 22:00:00,sell_bid,hist_gbrt,2814.8143683197427,2257.5
2026-04-20 22:15:00,sell_bid,hist_gbrt,2814.8143683197427,2226.0
2026-04-20 22:30:00,sell_bid,hist_gbrt,2834.1275480538898,2170.8
2026-04-20 22:45:00,sell_bid,hist_gbrt,2900.016707480637,2113.1
2026-04-20 23:00:00,sell_bid,hist_gbrt,2900.016707480637,1880.3
2026-04-20 23:15:00,sell_bid,hist_gbrt,2900.016707480637,1868.6
2026-04-20 23:30:00,sell_bid,hist_gbrt,2881.8172628377815,1633.1
2026-04-20 23:45:00,sell_bid,hist_gbrt,2881.8172628377815,1633.3
2026-04-21 00:00:00,sell_bid,hist_gbrt,3026.356015960789,1390.4
2026-04-21 00:15:00,sell_bid,hist_gbrt,3027.0611512604805,1390.9
2026-04-21 00:30:00,sell_bid,hist_gbrt,3072.423905002504,1386.3
2026-04-21 00:45:00,sell_bid,hist_gbrt,3105.350687806157,1395.6
2026-04-21 01:00:00,sell_bid,hist_gbrt,3095.5629650160904,1628.4
2026-04-21 01:15:00,sell_bid,hist_gbrt,3077.5479646615577,1654.9
2026-04-21 01:30:00,sell_bid,hist_gbrt,3077.5479646615577,1697.5
2026-04-21 01:45:00,sell_bid,hist_gbrt,3101.145306152425,1844.6
2026-04-21 02:00:00,sell_bid,hist_gbrt,3101.145306152425,2004.0
2026-04-21 02:15:00,sell_bid,hist_gbrt,3101.145306152425,2003.8
2026-04-21 02:30:00,sell_bid,hist_gbrt,3101.145306152425,2092.2
2026-04-21 02:45:00,sell_bid,hist_gbrt,3543.135827190069,2255.8
2026-04-21 03:00:00,sell_bid,hist_gbrt,3646.217619711228,2496.7
2026-04-21 03:15:00,sell_bid,hist_gbrt,3600.400015149734,2627.1
2026-04-21 03:30:00,sell_bid,hist_gbrt,3598.011766293847,2750.6
2026-04-21 03:45:00,sell_bid,hist_gbrt,3576.2187907355287,3015.8
2026-04-21 04:00:00,sell_bid,hist_gbrt,3581.4276739400048,3387.3
2026-04-21 04:15:00,sell_bid,hist_gbrt,3581.4276739400048,3239.2
2026-04-21 04:30:00,sell_bid,hist_gbrt,3581.4276739400048,3202.4
2026-04-21 04:45:00,sell_bid,hist_gbrt,3581.4276739400048,3173.3
2026-04-21 05:00:00,sell_bid,hist_gbrt,4371.12254664558,3522.9
2026-04-21 05:15:00,sell_bid,hist_gbrt,3416.7689803637118,3003.5
2026-04-21 05:30:00,sell_bid,hist_gbrt,3236.6835306663934,2979.0
2026-04-21 05:45:00,sell_bid,hist_gbrt,3601.588004514915,3693.3
2026-04-21 06:00:00,sell_bid,hist_gbrt,4664.966856284862,4667.5
2026-04-21 06:15:00,sell_bid,hist_gbrt,4797.339815153786,5356.1
2026-04-21 06:30:00,sell_bid,hist_gbrt,5719.481080140911,6087.1
2026-04-21 06:45:00,sell_bid,hist_gbrt,6757.37557749215,7101.7
2026-04-21 07:00:00,sell_bid,hist_gbrt,7800.473323191063,8906.3
2026-04-21 07:15:00,sell_bid,hist_gbrt,9802.238531435229,11115.8
2026-04-21 07:30:00,sell_bid,hist_gbrt,12465.792678190997,14022.7
2026-04-21 07:45:00,sell_bid,hist_gbrt,16523.506636485752,18489.5
2026-04-21 08:00:00,sell_bid,hist_gbrt,22259.06845189115,24447.8
2026-04-21 08:15:00,sell_bid,hist_gbrt,28236.351897806395,27111.1
2026-04-21 08:30:00,sell_bid,hist_gbrt,29591.381979986872,30183.4
2026-04-21 08:45:00,sell_bid,hist_gbrt,32170.49881672298,31090.8
2026-04-21 09:00:00,sell_bid,hist_gbrt,33479.68173736881,33204.8
2026-04-21 09:15:00,sell_bid,hist_gbrt,34540.37734385011,33778.6
2026-04-21 09:30:00,sell_bid,hist_gbrt,35108.234905577105,35695.3
2026-04-21 09:45:00,sell_bid,hist_gbrt,36978.05554114279,36545.8
2026-04-21 10:00:00,sell_bid,hist_gbrt,38898.71546731752,38959.7
2026-04-21 10:15:00,sell_bid,hist_gbrt,40061.69455461608,39798.8
2026-04-21 10:30:00,sell_bid,hist_gbrt,40896.9389517736,40759.1
2026-04-21 10:45:00,sell_bid,hist_gbrt,41788.30871378104,42128.5
2026-04-21 11:00:00,sell_bid,hist_gbrt,43745.82923309486,43994.5
2026-04-21 11:15:00,sell_bid,hist_gbrt,44945.71795473317,44686.6
2026-04-21 11:30:00,sell_bid,hist_gbrt,45177.671838839204,45105.5
2026-04-21 11:45:00,sell_bid,hist_gbrt,45733.79350823613,45360.2
2026-04-21 12:00:00,sell_bid,hist_gbrt,46212.541237736514,45955.5
2026-04-21 12:15:00,sell_bid,hist_gbrt,47419.99862504163,46070.9
2026-04-21 12:30:00,sell_bid,hist_gbrt,47580.0368076573,46315.2
2026-04-21 12:45:00,sell_bid,hist_gbrt,47752.82430228793,46677.0
2026-04-21 13:00:00,sell_bid,hist_gbrt,47994.511190674544,47223.4
2026-04-21 13:15:00,sell_bid,hist_gbrt,47500.844545541695,46896.8
2026-04-21 13:30:00,sell_bid,hist_gbrt,46772.501819988865,46307.2
2026-04-21 13:45:00,sell_bid,hist_gbrt,45774.603033409316,45760.1
2026-04-21 14:00:00,sell_bid,hist_gbrt,43601.37909957642,43326.6
2026-04-21 14:15:00,sell_bid,hist_gbrt,41666.27537422433,42779.7
2026-04-21 14:30:00,sell_bid,hist_gbrt,40289.308983513554,40173.8
2026-04-21 14:45:00,sell_bid,hist_gbrt,38384.561787352126,38802.6
2026-04-21 15:00:00,sell_bid,hist_gbrt,36032.066952538815,35937.2
2026-04-21 15:15:00,sell_bid,hist_gbrt,33876.253616829796,34529.4
2026-04-21 15:30:00,sell_bid,hist_gbrt,32673.90921919396,31963.0
2026-04-21 15:45:00,sell_bid,hist_gbrt,30173.84253613469,30393.5
2026-04-21 16:00:00,sell_bid,hist_gbrt,28473.81941013366,25676.5
2026-04-21 16:15:00,sell_bid,hist_gbrt,24344.06712462837,23798.1
2026-04-21 16:30:00,sell_bid,hist_gbrt,21632.195535671668,21755.0
2026-04-21 16:45:00,sell_bid,hist_gbrt,19544.434518858794,20336.9
2026-04-21 17:00:00,sell_bid,hist_gbrt,16916.868126489804,14928.4
2026-04-21 17:15:00,sell_bid,hist_gbrt,12161.514233654309,12642.8
2026-04-21 17:30:00,sell_bid,hist_gbrt,9294.57733192425,8497.7
2026-04-21 17:45:00,sell_bid,hist_gbrt,6660.444309510215,6114.2
2026-04-21 18:00:00,sell_bid,hist_gbrt,4747.028212511601,4421.5
2026-04-21 18:15:00,sell_bid,hist_gbrt,2872.842414071066,3825.2
2026-04-21 18:30:00,sell_bid,hist_gbrt,2721.1907610127355,2869.8
2026-04-21 18:45:00,sell_bid,hist_gbrt,2614.997842220209,2401.0
2026-04-21 19:00:00,sell_bid,hist_gbrt,2764.2071436814444,1971.6
2026-04-21 19:15:00,sell_bid,hist_gbrt,2945.2393176360383,1971.6
2026-04-21 19:30:00,sell_bid,hist_gbrt,2945.2393176360383,1984.0
2026-04-21 19:45:00,sell_bid,hist_gbrt,2988.850620474992,2153.5
2026-04-21 20:00:00,sell_bid,hist_gbrt,2988.850620474992,2202.9
2026-04-21 20:15:00,sell_bid,hist_gbrt,2916.567672318396,2229.9
2026-04-21 20:30:00,sell_bid,hist_gbrt,2888.014009901534,2258.8
2026-04-21 20:45:00,sell_bid,hist_gbrt,2865.7505288165703,2215.7
2026-04-21 21:00:00,sell_bid,hist_gbrt,2803.3648995016583,2204.9
2026-04-21 21:15:00,sell_bid,hist_gbrt,2803.3648995016583,2240.0
2026-04-21 21:30:00,sell_bid,hist_gbrt,2803.3648995016583,2281.0
2026-04-21 21:45:00,sell_bid,hist_gbrt,2803.3648995016583,2220.8
2026-04-21 22:00:00,sell_bid,hist_gbrt,2707.7146581871457,2163.2
2026-04-21 22:15:00,sell_bid,hist_gbrt,2707.7146581871457,2117.4
2026-04-21 22:30:00,sell_bid,hist_gbrt,2727.0278379212928,2129.6
2026-04-21 22:45:00,sell_bid,hist_gbrt,2792.91699734804,2120.7
2026-04-21 23:00:00,sell_bid,hist_gbrt,2792.91699734804,1897.0
2026-04-21 23:15:00,sell_bid,hist_gbrt,2792.91699734804,1897.9
2026-04-21 23:30:00,sell_bid,hist_gbrt,2801.406540758492,1659.4
2026-04-21 23:45:00,sell_bid,hist_gbrt,2801.406540758492,1655.5
